doi,title,authors,editors,year,publication_date,journal_name,publisher,work_type,language,is_open_access,abstract,subjects,source_url,citation_count,relation,source_db,relevance_score
10.4324/9780203138687,Maurice Blanchot,Ullrich Haase | William Large,,2001,2001-02-15,,,book,en,False,"Without Maurice Blanchot, literary theory as we know it today would have been unthinkable. Jacques Derrida, Paul de Man, Michel Foucault, Roland Barthes, Gilles Deleuze: all are key theorists crucially influenced by Blanchot's work.This accessible guide:* works 'idea by idea' through Blanchot's writings, anchoring them in historical and intellectual contexts* examines Blanchot's understanding of literature, death, ethics and politics and the relationship between these themes* unravels even Blanchot's most complex ideas for the beginner* sketches the lasting impact of Blanchot's work on the field of critical theory.For those trying to come to grips with contemporary literary theory and modern French thought, the best advice is to start at the beginning: begin with Blanchot, and begin with this guide.",Philosophy,https://openalex.org/W4243232760,19.0,,OpenAlex,119
10.2307/3736058,Maurice Blanchot: The Demand of Writing,Paul Hegarty | Carolyn Bailey Gill,,1999,1999-01-01,The Modern Language Review,,article,en,False,"List of Contributors. Acknowledgements. A note on the translations. Introduction Leslie Hill, 1. Roger Laporte, Reader of Blanchot Ian Maclachlan, 2. Maurice Blanchot Today Roger Laporte, 3. The Felicities of Paradox: Blanchot on the Null-Space of Literature Rodolphe Gasche, 4. Crossing the Threshold: on 'literature and the Right to Death' Christopher Fynsk, 5. The Work and the Absence of the Work Paul Davies, 6. Il y a - Holding Levinas's Hand to Blanchot's Fire Simon Critchley, 7. Conversation Ann Smock, 8. On Unworking: the Image in Writing According to Blanchot Marie-Claire Ropars-Wuilleumier, 9. The Trace of Trauma: Blindness, Testimony and the Gaze in Blanchot and Derrida Michael Newman, 10. 'A Wound to Thought' Michael Holland, 11. Potter's Field: Death Worked and Unworked Gillian Rose, 12. A Letter Maurice Blanchot, 13. Pour Sainte-Beuve: Maurice Blanchot, March 10, 1942 Jeffrey Mehlman",Art | History | Literature,https://openalex.org/W2070379609,67.0,,OpenAlex,119
10.1093/obo/9780190221911-0061,Maurice Blanchot,Adam Potts,,2018,2018-02-22,Oxford Bibliographies in Literary and Critical Theory,"Oxford University PressNew York, NY",reference-entry,en,False,"Maurice Blanchot (b. 1907–d. 2003) is a profoundly unique and influential figure of the 20th century. Sitting between philosophy and literature, his work explores the philosophical significance of literature by considering the demand it places on thought. For Blanchot, when thought is pushed to its absolute limit, we encounter the impossible, the singular, the outside—a radical region that is unthematizable. This, he argues, is ultimately the region of literature. Where everyday language tries to represent the world and where philosophical language tries to secure meaning, literary language, by contrast, is subversive as it does not carry the responsibility of representation or clarification. Words are not self-identical in literature, which means that the space of literature, as Blanchot refers to it, is characterized by an “atmosphere of uncertainty” (Blanchot 1985, p. 52, cited under Récit). This uncertainty is what drags us to the limit of possibility. Somewhat paradoxically, this limit/impossibility is not an invitation to nihilism, but rather the very condition of thought itself. It is no exaggeration to say that to understand Blanchot one must come to terms with this idea. Not only does this idea occupy his writing, but he also sees it in poets like Mallarmé, Rilke, Lautréamont; in the surrealists; and in novelists like Kafka, Proust, and Beckett. Much of his writing is dedicated to such figures. Given this demand placed on thought by literature, literature has the capacity to raise profound philosophical questions. Literature works like a springboard for Blanchot, impelling him to engage with the limit as it exists in philosophical figures like Heraclitus, Hegel, Kierkegaard, Nietzsche, Heidegger, and Weil. Of particular importance are his engagements with Emmanuel Levinas and Georges Bataille. In Levinas’s account of the Other, Blanchot sees the ethical and political impetus of literature. In Bataille’s work, Blanchot sees a companion of the unthinkable and an explorer of the impossible. Such a range of topics means Blanchot’s writing is voluminous and varied, comprising his early journalism, his critical writings, his own works of fiction, and his fragmentary texts. In these writings, Blanchot shows himself to be an attentive, nuanced, and very demanding thinker. Reading Blanchot requires that we read with the historical, political, and cultural contexts in view, where disaster (e.g., the Second World War) looms or echoes and where culture is at a breaking point. This article will offer a selective bibliography to help one grapple with the demands Blanchot places on us and on thought itself.",Art | Atmosphere (unit) | Epistemology | Impossibility | Law | Linguistics | Literature | Meaning (existential) | Nihilism | Philosophy | Physics | Political science | Politics | Representation (politics) | Space (punctuation) | Thermodynamics,https://openalex.org/W4234452824,1.0,,"Crossref, OpenAlex",117
10.5422/fordham/9780823281763.001.0001,Maurice Blanchot,Christophe Bident,,2018,2018-11-20,Fordham University Press eBooks,Fordham University Press,book,en,False,"Maurice Blanchot (1907–2003) was one of the most important writers of the French twentieth century. His novels, shorter narratives, literary criticism, and fragmentary texts exercised great influence over writers, artists, and philosophers. As a journalist and political activist, he had a public side that matched his secret and mysterious side as someone who refused to be interviewed or photographed. <italic>Maurice Blanchot: A Critical Biography</italic>, the only full-length account of Blanchot’s itinerary, therefore attempts to carry out an impossible bio-graphy. It does so by drawing on unpublished letters and on interviews with the writer’s very close friends. Beyond this, it is a theoretical work that follows the genealogy of a thinking that is at once imaginative and speculative, at once aligned with literary modernity and a close companion and friend of philosophy. It is a historical work, unpacking the ‘transformation of convictions’ of an author who moved from the far-right in the 1930s to the far-left in the 1950s and after. And it is of course a biography, showing the strong links between the author’s life and an œuvre which nonetheless aspires to anonymity. In these ways, this book claims that Blanchot’s is a life that has become the œuvre, become a literature that bears the traces of that life secretly, even if they are what drives it. Blanchot’s œuvre is reconstituted in all its contexts, at a time when the critics who attack it, just like those who elevate it in unthinking fascination, often produce one-dimensional readings.",Art | Art history | Biography | Criticism | Epistemology | History | Law | Literature | Modernity | Narrative | Philosophy | Political science | Politics,https://openalex.org/W4253588740,2.0,,"Crossref, OpenAlex",115
10.1093/fs/58.4.533,Maurice Blanchot,M. Holland,,2004,2004-10-01,French Studies,Liverpool University Press,article,en,False,"The full-text of this article is not currently available in ORA, but you may be able to access the article via the publisher copy link on this record page. Citation: Holland, M. (2004). 'Maurice Blanchot', French Studies 58(4), 535-538. [The definitive publisher-authenticated version is available at http://fs.oxfordjournals.org/].",Art | Art history | History | Performance art,https://openalex.org/W4233694799,4.0,,"Crossref, OpenAlex",115
10.56021/9780801854712,Maurice Blanchot,Gerald L. Bruns,,2005,2005-01-01,Johns Hopkins University Press eBooks,Johns Hopkins University Press,book,en,False,,Philosophy,https://openalex.org/W4312334662,1.0,,"Crossref, OpenAlex",110
10.1515/9798855804508,Maurice Blanchot,Marty Hiatt,,2025,,,SUNY Press,edited-book,,False,,,https://doi.org/10.1515/9798855804508,0.0,,Crossref,110
10.1515/9780823281787,Maurice Blanchot,Christophe Bident | John McKeane,,2019,2019-01-01,Fordham University Press eBooks,Fordham University Press,book,en,False,,History | Philosophy,https://openalex.org/W4234171831,7.0,"{'is-identical-to': [{'id-type': 'doi', 'id': '10.2307/j.ctv8d5tnj', 'asserted-by': 'subject'}]}","Crossref, OpenAlex",110
,Maurice Blanchot,Roger-Michel Allemand,,2012,,,,NOTICE,,,,,,,,HAL,110
10.14361/9783839447901-004,Maurice Blanchot,Ralf Rother,,2020,,Edition Moderne Postmoderne,transcript Verlag,book-chapter,de,False,,,https://doi.org/10.14361/9783839447901-004,0.0,,Crossref,110
10.2307/j.ctv8d5tnj,Maurice Blanchot,Christophe Bident,,2018,,,Fordham University Press,monograph,,False,,,https://doi.org/10.2307/j.ctv8d5tnj,0.0,"{'is-identical-to': [{'id-type': 'doi', 'id': '10.1515/9780823281787', 'asserted-by': 'object'}]}",Crossref,110
10.2307/jj.35049937,Maurice Blanchot,MARTY HIATT,,2025,,,State University of New York Press,monograph,,False,,,https://doi.org/10.2307/jj.35049937,0.0,,Crossref,110
10.5040/9781350105324.ch-007,MAURICE BLANCHOT,,,2020,,Hope,Bloomsbury Academic,book-chapter,,False,,,https://doi.org/10.5040/9781350105324.ch-007,0.0,,Crossref,110
10.2307/3685569,Blanchot: Extreme Contemporary,Stuart Kendall | Leslie Hill,,2000,2000-01-01,SubStance,,article,en,False,"Blanchot provides a compelling insight into one of the key figures in the development of postmodern thought. Although Blanchot's work is characterised by a fragmentary and complex style, Leslie Hill introduces clearly and accessibly the key themes in his work. He shows how Blanchot questions the very existence of philosophy and literature and how we may distinguish between them, stresses the importance of his political writings and the relationship between writing and history that characterised Blanchot's later work; and considers the relationship between Blanchot and key figures such as Emmanuel Levinas and Georges Bataille and how this impacted on his work. Placing Blanchot at the centre stage of writing in the twentieth century, Blanchot also sheds new light on Blanchot's political activities before and after the Second World War. This accessible introduction to Blanchot's thought also includes one of the most comprehensive bibliographies of his writings of the last twenty years.",Ancient history | Art | Computer science | Computer security | Epistemology | History | Key (lock) | Law | Literature | Philosophy | Physics | Political science | Politics | Post war | Postmodernism | Style (visual arts) | Thermodynamics | Work (physics),https://openalex.org/W2005118297,56.0,,OpenAlex,109
10.2307/3685423,Blanchot: Extreme Contemporary,Steven Jaron | Leslie Hill,,1999,1999-01-01,SubStance,,article,en,False,,History,https://openalex.org/W4292793485,50.0,,OpenAlex,107
10.2307/3735658,Blanchot: Extreme Contemporary,Michael Holland | Leslie Hill,,2002,2002-01-01,The Modern Language Review,,article,en,False,,History,https://openalex.org/W2330922818,30.0,,OpenAlex,107
10.5749/9780816686186-002,Introduction,Steven Ungar,,2010,,Scandal And Aftereffect,University of Minnesota Press,book-chapter,,False,,,https://doi.org/10.5749/9780816686186-002,0.0,,Crossref,100
10.5422/fordham/9780823264575.003.0001,Introduction,Philippe Lacoue-Labarthe | Hannes Opelz,,2015,,Ending and Unending Agony,Fordham University Press,book-chapter,,False,,,https://doi.org/10.5422/fordham/9780823264575.003.0001,0.0,,Crossref,100
10.2307/jj.18473031.4,Introduction,,,2024,,Reading at the Limits of Poetic Form,Northwestern University Press,book-chapter,,False,,,https://doi.org/10.2307/jj.18473031.4,0.0,,Crossref,100
10.5749/9780816683765-002,Introduction,Verena Andermatt Conley,,2010,,Readings,University of Minnesota Press,book-chapter,,False,,,https://doi.org/10.5749/9780816683765-002,0.0,,Crossref,100
10.5749/9780816655670-002,Introduction,Allan Stoekl,,2010,,"Politics, Writing, Mutilation",University of Minnesota Press,book-chapter,,False,,,https://doi.org/10.5749/9780816655670-002,0.0,,Crossref,100
10.5040/9781350349087.0007,Introduction,,,2023,,Maurice Blanchot on Poetry and Narrative,Bloomsbury Academic,book-chapter,,False,,,https://doi.org/10.5040/9781350349087.0007,0.0,,Crossref,100
10.1515/9780823264605-002,Introduction,Aristide Bianchi | Leonid Kharlamov,,2020,,Ending and Unending Agony,Fordham University Press,book-chapter,,False,,,https://doi.org/10.1515/9780823264605-002,0.0,"{'is-identical-to': [{'id-type': 'doi', 'id': '10.2307/j.ctt1657v2v.4', 'asserted-by': 'subject'}]}",Crossref,100
10.1515/9780823254712-003,Introduction,,,2020,,The Imperative to Write,Fordham University Press,book-chapter,,False,,,https://doi.org/10.1515/9780823254712-003,0.0,,Crossref,100
10.1515/9781438489018-003,Introduction,,,2022,,The Writing of Innocence,SUNY Press,book-chapter,,False,,,https://doi.org/10.1515/9781438489018-003,0.0,"{'is-identical-to': [{'id-type': 'doi', 'id': '10.2307/jj.18252769.5', 'asserted-by': 'object'}]}",Crossref,100
10.1515/9781438423081-003,Introduction,,,1999,,Radical Passivity,SUNY Press,book-chapter,,False,,,https://doi.org/10.1515/9781438423081-003,0.0,"{'is-identical-to': [{'id-type': 'doi', 'id': '10.2307/jj.18254837.5', 'asserted-by': 'subject'}]}",Crossref,100
10.1515/9798855804508-004,Introduction,,,2025,,Maurice Blanchot,SUNY Press,book-chapter,,False,,,https://doi.org/10.1515/9798855804508-004,0.0,,Crossref,100
10.1515/9781474499644-002,Introduction,,,2023,,"Blanchot, Ecology and Contemporary Fiction",Edinburgh University Press,book-chapter,,False,,,https://doi.org/10.1515/9781474499644-002,0.0,,Crossref,100
10.1515/9781438478197-002,Introduction,,,2020,,Time in Exile,SUNY Press,book-chapter,,False,,,https://doi.org/10.1515/9781438478197-002,0.0,"{'is-identical-to': [{'id-type': 'doi', 'id': '10.2307/jj.18252903.4', 'asserted-by': 'object'}]}",Crossref,100
10.2307/j.ctt1657v2v.4,Introduction,Aristide Bianchi | Leonid Kharlamov,,2015,,Ending and Unending Agony,Fordham University Press,book-chapter,,False,,,https://doi.org/10.2307/j.ctt1657v2v.4,0.0,"{'is-identical-to': [{'id-type': 'doi', 'id': '10.1515/9780823264605-002', 'asserted-by': 'object'}]}",Crossref,100
10.2307/jj.35049937.6,Introduction,,,2025,,Maurice Blanchot,State University of New York Press,book-chapter,,False,,,https://doi.org/10.2307/jj.35049937.6,0.0,,Crossref,100
10.2307/jj.18254837.5,Introduction,,,1999,,Radical Passivity,State University of New York Press,book-chapter,,False,,,https://doi.org/10.2307/jj.18254837.5,0.0,"{'is-identical-to': [{'id-type': 'doi', 'id': '10.1515/9781438423081-003', 'asserted-by': 'object'}]}",Crossref,100
10.2307/jj.18252903.4,Introduction,,,2020,,Time in Exile,State University of New York Press,book-chapter,,False,,,https://doi.org/10.2307/jj.18252903.4,0.0,"{'is-identical-to': [{'id-type': 'doi', 'id': '10.1515/9781438478197-002', 'asserted-by': 'subject'}]}",Crossref,100
10.5860/choice.42-3816,The Power of contestation: perspectives on Maurice Blanchot,,,2005,2005-03-01,Choice Reviews Online,,article,en,False,"One of the first French intellectuals to take systematic interest in questions of language and meaning, Maurice Blanchot (1907-2003) substantially influenced such thinkers as Deleuze, Foucault, Barthes, Levinas, and Derrida. Until recently, Blanchot's work remained largely unknown outside France, in part because of its complexity and in part because Blanchot shunned intellectual celebrity. Over the past decade, however, nearly all of Blanchot's books have been translated into English, and worldwide interest in his fiction, cultural criticism, and philosophy has increased dramatically. Kevin Hart and Geoffrey H. Hartman bring together essays by prominent scholars from range of disciplines to focus on Blanchot's diverse concerns: literature, art, community, politics, ethics, spirituality, and the Holocaust. The volume takes its title from Blanchot's idea that literature is a power of contestation: contestation of the established power, contestation of what is..., contestation of language and of the forms of literary language, finally contestation of itself as power. Tracing this concept as central theme of Blanchot's writings, and exploring its scope and ambiguity, the contributors bring this seminal, but formidably difficult, intellect into sharper focus. Contributors: Gerald L. Bruns, University of Notre Dame; Leslie Hill, University of Warwick; Michael Holland, St Hugh's College, Oxford; Philippe Lacoue-Labarthe, University of Strasbourg; Vivian Liska, University of Antwerp; Jill Robbins, Emory University, and the editors.",History | Philosophy | Physics | Power (physics) | Quantum mechanics,https://openalex.org/W251026339,13.0,,OpenAlex,19
10.1080/13534640600624986,There is Language: Speech and Writing in Blanchot,Lars Iyer,,2006,2006-04-01,Parallax,,article,en,False,"Click to increase image sizeClick to decrease image size Notes 1. Paul Davies, ‘An Exemplary Beginning’ in Orpheus Looking Back: A Celebration of Maurice Blanchot (Bracknell: South Hill Park Trust, 1997), pp. 3–5, p. 3. See, on the image in Blanchot, Thomas Carl Walls's Radical Passivity: Levinas, Blanchot and Agamben (Albany: State University of New York Press, 1999). 2. See William Large's paper ‘Impersonal Existence: A Conceptual Genealogy of the There Is from Heidegger to Blanchot and Levinas’, Angelaki, 7 (2002), pp. 131–141. 3. This is Levinas's allusion – in Time and the Other, this river is the one in which ‘the very fixity of unity, the form of every existent, cannot be constituted’ Emmanuel Levinas, Time and the Other, trans. Richard A. Cohen (Pittsburgh: Duquesne University Press, 1996), p. 49. 4. I do not have space here for an extended discussion of the relationship between the neuter in Levinas and Blanchot. As Derrida writes, commenting on the same remark in the context of his discussion of Totality and Infinity: ‘since the thought of the Neuter, as it continues to be elaborated in the work of Blanchot, can in no way be reduced to what Levinas means here by the Neuter, an enormous and abyssal task remains open’, Jacques Derrida, Adieu: To Emmanuel Levinas, trans. Pascale‐Anne Brault and Michael B. Naas (Stanford: Stanford University Press, 1999), p. 140. 5. Blanchot is of course hesitant about the word ethics. I use the ethical here in the broad sense to indicate the importance to Blanchot of the relation to the Other. 6. Maurice Blanchot, The Space of Literature, trans. Ann Smock (Lincoln and London: University of Nebraska Press, 1982) p. 257; L'Espace littéraire (Paris: Gallimard, 1955), p. 345–6. 7. Maurice Blanchot, The Space of Literature, p. 258; L'Espace littéraire, p. 347. 8. Robert Antelme, The Human Race, trans. Jeffrey Haight and Annie Mahler (Evanston: The Marlboro Press/ Northwestern, 1992), p. 172. 9. Maurice Blanchot, ‘In the Night that is Watched Over’ in On Robert Antelme's The Human Race: Essays and Commentary, ed. by Daniel Dobbels, trans. Jeffrey Haight (Evanston: The Marlboro Press/ Northwestern University Press, 2003), pp. 55–60, p. 56. ‘Dans la nuit surveillée’ appeared originally in Lignes, 21, (1994), pp. 127–31, alongside two extracts from Robert Antelme's The Human Race. 10. Maurice Blanchot, The Space of Literature, p. 258; L'Espace littéraire, p. 347. These lines uncannily prefigure Blanchot's ‘The Human Race’, his review of The Human Race as it was republished in The Infinite Conversation. 11. Maurice Blanchot, The Infinite Conversation, trans. Susan Hanson (Minneapolis and London: University of Minnesota Press, 1993), p. 215; L'Entretien infini (Paris: Gallimard, 1969), p. 320. 12. Maurice Blanchot, Friendship, trans. Elizabeth Rottenberg (Stanford: Stanford University Press, 1997), p. 218; L'Amitié (Paris: Gallimard, 1971), p. 247. Dupin's remarks are considered in a short meditation by Blanchot called ‘Presence’, which, under the general heading ‘Traces’, accompanies reflections on Laporte and Jabès. This essay was published in La Nouvelle Revue Française, 133 (1964), pp. 90–103. 13. Maurice Blanchot, Friendship, p. 219; L'Amitié, p. 249. It is a claim we find at several points in the conversations of The Infinite Conversation: ‘Only man is absolutely foreign to me; he alone is the unknown, he alone the other, and in this he would be presence: such is man [....] Each time we project strangeness onto a non‐human being or refer the movement of the unknown back to the universe, we disburden ourselves of the weight of man’, pp. 59–60; ‘Perhaps, also, it is time to withdraw this term autrui, while retaining what it has to say to us: that the Other is always what calls upon “man” (even if only to put him between parentheses or between quotation marks), not the other as God or other as nature, but as “man”, more Other than all that is other’, p. 72. ‘[E]very notion of alterity already implies man as other, and not the inverse’, p. 72. 14. Maurice Blanchot, Friendship, p. 217; L'Amitié, p. 246. 15. Emmanuel Levinas, Otherwise than Being or Beyond Essence, trans. Alphonso Lingis (The Hague, Martinus Nijhoff, 1981), p. 170. 16. Maurice Blanchot, The Infinite Conversation, p. 379; L'Entretien infini, p. 556. This sentence is Blanchot's rendering of one from chapter 18 of The Castle, ‘wer kann dafür, daß gerade diese Grenze auch sonst bedeutungsvoll ist’, Kafka, Gesammelte Werke, Vol. 4 (Frankfurt: Fische, 1994), p. 326. The two essays on Kafka in The Infinite Conversation, ‘The Narrative Voice’ and ‘The Wooden Bridge’ were originally published in reverse order as ‘Le pont de bois’, La Nouvelle Revue Française 133, (1964), pp. 90–103 and ‘La voix narrative’, La Nouvelle Revue Française 142, (1964), pp. 674–685. See Leslie Hill's reflections on Blanchot's reading of Kafka, especially as it relates to saying, in Writing at the Limit: Bataille, Klossowski, Blanchot (Oxford: Oxford University, 2001), pp. 219–221. 17. Maurice Blanchot, The Infinite Conversation, pp. 384–385; L'Entretien infini, p. 564. 18. Maurice Blanchot, The Infinite Conversation, p. 212; L'Entretien infini, p. 314. I quote from ‘The Play of Thought’, originally published as ‘Le jeu de la pensée’, Critique 195–96, pp. 734–41 and published alongside another essay on Bataille from the previous year in The Infinite Conversation. 19. Emmanuel Levinas, Collected Philosophical Papers, trans. Alphonso Lingis (Duquesne University Press, 1998), p. 39. 20. Maurice Blanchot, The Infinite Conversation, p. 304; L'Entretien infini, p. 448. 21. Thanks to Nikolai Duffy for this point.",Allusion | Archaeology | Art | Art history | Context (archaeology) | History | Linguistics | Literature | Philosophy | Theology,https://openalex.org/W2025665514,2.0,,OpenAlex,18
10.1080/13534640600624911,Forgetfulness Must: Politics and Filiation in Blanchot and Derrida,Simon Critchley,,2006,2006-04-01,Parallax,,article,en,False,"Click to increase image sizeClick to decrease image size Notes This is the text of a talk given at a conference on 'Politics and Filiation', held at the Manhattan Campus of the State University of New York Stonybrook in November 2002 and sponsored by the College International de Philosophie in Paris. The respondent was Jacques Derrida. It builds on analyses of Blanchot, Derrida and Levinas given in my earlier work, see in particular the final chapter of Ethics‐Politics‐Subjectivity (London and New York, Verso, 1999). 1. Jacques Derrida, Politiques de l'amitié (Paris: Galilée, 1994). For references to Blanchot, see pp. 55, 56–57, 73, 89, 100, 219, 234, 295/46, 46–47, 55, 70, 82, 194, 207 and 264. 2. See Jacques Derrida, 'The Politics of Friendship', The Journal of Philosophy, 85:11 (November 1988), pp. 632–644 (pp. 643–44). These passages are an abbreviated version of some of the closing pages of Chapter 10 of Politiques de l'amitié, cf. pp. 322–29, The Politics of Friendship, trans. George Collins (London: Verso, 1997), pp. 290–96. 3. Dionys Mascolo, A la recherche d'un communisme de pensée (Paris: Editions Fourbis, 1993); and Maurice Blanchot, Pour l'amitié (Paris: Editions Fourbis, 1996). Translations are my own. 4. Maurice Blanchot, Pour l'amitié, pp. 31–34. 5. Immanuel Kant, Metaphysik der Sitten, Part II, pp. 46–47. 6. J. Hoffmeister, Wörterbuch der philosophischen Begriffe (Hamburg: Philosophische Bibliothek, 1955), p. 238; and Historisches Wörterbuch der Philosophie, Band 4, p. 683. See also in this regard a helpful article by Erich Heintel, 'Vom Sinn der Freundschaft', in Von der Notwendigkeit der Philosophie in der Gegenwart, ed. H. Kohlenberger and W. Lütterfelds (Vienna: Oldenbourg, 1976), pp. 190–221; see especially pp. 192–93 and 199–200. 7. Jacques Derrida, Politiques de l'amitié, p. 316/ p. 284. Nietzsche's words are also cited towards the end of the original English version of 'The Politics of Friendship', p. 643. 8. It would be necessary to read Blanchot's remarks on 1968 together with La Communauté inavouable (Paris: Minuit, 1983), a text itself mentioned by Derrida in a series of footnotes to Politiques de l'amitié, pp. 56–57, 89/ p. 46–47 and 70; and see especially p. 337, fn.1./ p. 304, n.32. 9. Maurice Blanchot, Pour l'amitié, p. 31. 10. Maurice Blanchot, Pour l'amitié, p. 9. 11. Jacques Derrida, Politiques de l'amitié, p. 14/ p.x. 12. Jacques Derrida, Politiques de l'amitié, p. 328/ p. 295. 13. Jacques Derrida, Politiques de l'amitié, p. 324/ p. 291. 14. 'Mourning and Melancholia', On Metapsychology: The Theory of Psychoanalysis, Penguin Freud Library, ed. and trans. James Strachey, 20 vols (Harmondsworth: Penguin, 1984), XI, p. 267. 15. Maurice Blanchot, L'amitié (Paris: Gallimard, 1971), p. 330. 16. Jacques Derrida, Politiques de l'amitié, p. 328/ p. 295. 17. Maurice Blanchot, Pour l'amitié, pp. 33–34. 18. Jacques Derrida, Politiques de l'amitié, p. 322/ p. 290. 19. Maurice Blanchot, Pour L'amitié, p. 34. 20. Maurice Blanchot, Pour L'amitié, p. 33. 21. Maurice Blanchot, Pour L'amitié p. 35. 22. On this question, see above Chapters 8 and 9. 23. Jacques Derrida, Adieu à Emmanuel Levinas (Paris: Galilée, 1997), p. 52, n.2 24. Jacques Derrida, Politiques de l'amitié, p. 87. 25. Jacques Derrida, Politiques de l'amitié, p. 88/ 69. 26. Maurice Blanchot, L'entretien infini (Paris: Gallimard, 1969), pp. 70–105. 27. Maurice Blanchot, L'entretien infini, pp. 100–101. 28. See Emmanuel Levinas, Totalité et Infini (The Hague: Nijhoff, 1961), p. 62; Totality and Infinity, trans. Alphonso Lingis (Pittsburgh: Duquesne University Press, 1969), p. 89. Cited in Jacques Derrida, Spectres de Marx (Paris, Galilée, 1993), p. 48. See also 'The Force of Law: The 'Mystical Foundation of Authority'', in D. Cornell, M. Rosenfeld and D. G. Carlson, eds, Deconstruction and the Possibility of Justice (London and New York: Routledge, 1992), p. 22. 29. I refer to Hent De Vries's paper given at a conference on Politiques de l'amitié held in Tilburg in 1997. 30. For the Derrida quote, see 'The Politics of Friendship', p. 643. Derrida uses the same formulation to describe Blanchot in Politiques de l'amitié, pp. 322/290. 31. Maurice Blanchot, 'L'amitié', in L'amitié, p. 328; Jacques Derrida, Politiques de l'amitié, p. 327/ 294. 32. Maurice Blanchot, 'L'amitié', p. 328. 33. Maurice Blanchot, 'L'amitié', p. 329. 34. Maurice Blanchot, 'L'amitie', p. 329.",Art | Art history | Friendship | Humanities | Law | Philosophy | Political science | Politics | Religious studies | Social science | Sociology,https://openalex.org/W2059524881,3.0,,OpenAlex,18
10.3366/para.2005.28.3.54,Revisiting the <i>Il y a</i>: Maurice Blanchot and Emmanuel Levinas on the Question of Subjectivity,Arthur Cools,,2005,2005-11-01,Paragraph,Edinburgh University Press,article,en,False,"The il y a is the site of an important encounter between the works of Emmanuel Levinas and Maurice Blanchot. Shortly after World War II, Levinas introduced the concept of il y a as a critique of Heidegger’s notion of ‘es gibt’ and in direct reference to Blanchot’s first novel, Thomas l’Obscur.1 In Literature and the Right to Death (1947), Blanchot acknowledged the importance of this notion in a footnote dedicated to Levinas’s publication of De l’existence a l’existant.2 For both of them, contrary to the Heideggerian understanding of being related to the fear of death, the il y a expresses the ‘simple facticity of being riveted to existence without an exit’, as Simon Critchley summarizes in his book on literature and philosophy.3 More recently, William Large has shown how the concept of the il y a derives from the renewal of ontology in Heidegger’s Being and Time by pointing to the impersonal characteristic of moods as implied in the description of the il y a.4 Nevertheless, from the start the il y a is also the site of an important difference between Blanchot and Levinas that is not fully expressed by the cross-references of the two authors. Blanchot already mentioned the il y a in his short novel, The last Word, written in the thirties at a time when he was exploring the essence of literature in the political and literary articles published in Combat and L’insurge as well as in Thomas l’Obscur:",Art | Epistemology | Facticity | Law | Literature | Ontology | Philosophy | Political science | Politics | Psychoanalysis | Psychology | Subjectivity,https://openalex.org/W2035528043,13.0,,"Crossref, OpenAlex",17
10.3366/para.2016.0194,"From Deconstruction to Disaster (Derrida, Blanchot, Hegel)",Leslie Hill,,2016,2016-06-28,Paragraph,Edinburgh University Press,article,en,False,"Derrida's Glas (1974) found one of its most attentive readers in Maurice Blanchot, whose fragmentary volume L'Ecriture du désastre (The Writing of the Disaster) (1980) responds in a number of ways to Derrida's book, in particular to its reading of Hegel. This article retraces the silent dialogue between Derrida and Blanchot as it unfolds in the two texts mentioned as well as in several others, including some of Blanchot's earlier essays and fiction, notably La Folie du jour (The Madness of the Day) and L'Arrêt de mort (Death Sentence).",Art | Biology | Deconstruction (building) | Ecology | Epistemology | Hegelianism | Linguistics | Literature | Philosophy | Psychoanalysis | Psychology | Reading (process) | Sentence,https://openalex.org/W2469484612,4.0,,"Crossref, OpenAlex",16
10.1080/13534640500058442,"Logos and Difference Blanchot, Heidegger, Heraclitus",Lars Iyer,,2005,2005-04-01,Parallax,,article,en,False,"Click to increase image sizeClick to decrease image size Notes Unless otherwise indicated, I follow Jonathan Barnes's rendering of Heraclitus's fragments in Early Greek Philosophy (Penguin: Harmondsworth, 1987), B80, pp.100–126, p.114. See Peter Sloterdijk, Critique of Cynical Reason (Minneapolis and London: University of Minnesota Press, 1988). Maurice Blanchot, The Infinite Conversation, trans. Susan Hanson (Minneapolis and London: University of Minnesota Press, 1993), p.86; L'Entretien infini (Paris: Gallimard, 1969), p.121. Cf. Barnes, Early Greek Philosophy, B1, p.101. Barnes, Early Greek Philosophy, B53, p.102. Barnes, Early Greek Philosophy, B57, p.103. Barnes, Early Greek Philosophy, B51, p.102. Barnes, Early Greek Philosophy, B54, p.103; translation amended. Blanchot, The Infinite Conversation, p. 88; L'Entretien infini, 125. Maurice Blanchot, The Work of Fire, trans. Charlotte Mandell (Stanford: Stanford University Press, 1995), p.323, and La Part du Feu (Paris: Gallimard, 1949), pp.312–313. Blanchot, The Infinite Conversation, p.89; L'Entretien infini, p.127. Blanchot, The Infinite Conversation, p.89; L'Entretien infini, p.127. Blanchot, The Infinite Conversation, p.89; L'Entretien infini, p.127; translation amended. Blanchot, The Infinite Conversation, p.39; L'Entretien infini, p.55. Elena Russo reads Blanchot's work as marked by just such a nostalgic desire to return to a lost Eden in Skeptical Selves: Empiricism and Modernity in the French Novel (Stanford: Stanford University Press, 1996). This, however, is to miss the complex philosophy of language that Blanchot begins to develop from his earliest writings on literature. Blanchot, The Infinite Conversation, p.298; L'Entretien infini, p.439. Blanchot, The Infinite Conversation, p.199; L'Entretien infini, p.440. I refer to Blanchot's well known distinction between death and dying, which I will do not have the space to examine here. See, however, my Blanchot's Communism: Art, Philosophy and the Political (Basingstoke: Palgrave Macmillan, 2004), Chapter 1. Barnes, Early Greek Philosophy, B91, p.117. Blanchot, The Infinite Conversation, p.90; L'Entretien infini, p.128. Blanchot, The Infinite Conversation, p.90; L'Entretien infini, p.128. For example, one finds the following in one conversation in The Infinite Conversation: 'But then, in this case, we could say – and it is necessary to say – that the Other, this 'Other' in play in the third kind of relation, is no longer one of its terms; it is neither the one nor the other, being nothing other than relation itself, a relation of the one to the other that requires infinity. Neither one nor the other' (The Infinite Conversation, p.74; L'Entretien infini, p.105). See Marlène Zarader, L'être et le neutre: à partir de Maurice Blanchot (Paris: Verdier, 2001). See William Large, Emmanuel Levinas and Maurice Blanchot: Ethics and the Ambiguity of Writing (Manchester: Clinamen, 2005). Blanchot, The Infinite Conversation, p.87; L'Entretien infini, p.122. Maurice Blanchot, The Writing of the Disaster, trans. Ann Smock (Lincoln: University of Nebraska Press, 1986), p.110; L'Écriture du désastre (Paris: Gallimard, 1980), p.170. Blanchot, The Writing of the Disaster, p.110; L'Écriture du désastre, p.170. See Blanchot, 'René Char and the Thought of the Neuter', where he writes, 'Heideggerian philosophy can be understood as a response to this examination of the neuter and as an attempt to approach it in a non‐conceptual manner; but this must also be understood as a new retreat before that which thought seems only able to entertain by sublimating it.' (The Infinite Conversation, p.299; L'Entretien infini, p.440). In a footnote, he adds that although reflection on the difference between being and beings seems to recognise being as a fundamental word for the neuter, 'it is also necessary to rectify this immediately and say: the dignity accorded to being in the summons that would come to us from it, everything that relates in an ambiguous manner Being and the divine, the correspondence between Sein and Dasein, the providential fact that being and the comprehension of being go together – being being that which illuminates itself, opens, and destines itself to beings that become an opening of clarity; the relation, therefore, between Sein and truth, a veiling unveiling itself in the presence of light – all of this does not prepare us to seek the neutral as it is implied by the unknown' (p.458; p.441). Heidegger delivered the lecture courses, Der Anfang des abendländischen Denkens (Heraklit), in 1943 and Logik: Heraklits Lehre vom Logos, in 1944. Material from these lecture courses informed the essays 'Logos' (Heraclitus, Fragment 50) and 'Alétheia' (Heraclitus, fragment 6), both delivered in 1951, published in Vorträge und Aufsätze (Pfullingen: G. Neske, 1954). Heidegger, Early Greek Thinking, trans. David Farrell Krell (New York: Harper & Row, 1975), p.60. Cf. Heidegger, Early Greek Thinking, pp.118–120. Blanchot, The Writing of the Disaster, p.97; L'Écriture du désastre, p.151. Blanchot, The Writing of the Disaster, p.97; L'Écriture du désastre, p.151. Blanchot, The Writing of the Disaster, p.97; L'Écriture du désastre, p.151. There is little space here to explore the notion of scepticism in Blanchot, which appears in the wake of Levinas's Otherwise than Being or Beyond Essence (1981) and resonates with other words in Blanchot's lexicon like insomnia, awakening, vigilance, neuter, philosophy, testimony, trauma, responsibility, words which he shares with Levinas. See my Blanchot's Vigilance (Basingstoke: Palgrave Macmillan, 2005) for a discussion of these matters. Heidegger, 'The Origin of the Work of Art', trans. David Farrell Krell, Basic Writings (London: Routledge, 1993), p.61. Blanchot, The Infinite Conversation; L'Entretien infini. When Blanchot writes in a footnote to the chapter 'The Most Profound Question' of a 'hearing that looks', of 'the play of hearing and seeing hearing and seeing is a play wherein there is at play ""what is most high and most profound': The One""; and of the One which 'accomplishes itself as everything' including 'being as gathering, light and unity of being' (pp.439–440; p.33). See also 'Atheism and Writing', where he invokes a writing which 'conceives of itself on the basis neither of vocal nor of visible manifestation, these being merely opposed through a complicitous opposition that is roused where Appearing (l'Apparaître) reigns as meaning, and light as presence: the pure visibility that is also pure audibility' and proceeds to claim that Heidegger, 'in his faithful belonging to the ontological logos, can still affirm that thought is a seizing that seizes by way of the gaze' (p.261; p.390). Barnes, Early Greek Philosophy, B123, p.112. Blanchot, The Infinite Conversation, p.31; L'Entretien infini, p.44. Heidegger, Early Greek Thinking, p.66. Heidegger, Early Greek Thinking, p.66. Heidegger, Early Greek Thinking, p.66. Blanchot, The Infinite Conversation; L'Entretien infini. There is an interesting exchange in one conversation in The Infinite Conversation. The first conversationalist says, 'I wonder whether Heraclitus, when he says of sacred speech that it neither exposes nor conceals, but gives a sign, is not saying something about this. Might one not lend him the idea you wish to present: that there is a language in which things neither show nor hide?'; the second, 'It is perhaps not for us to lend this idea to Heraclitus, but he may be the one to lend it to us' (p.31; p.44). It is a question, for the second speaker, of heeding what is already present in Heraclitus, of what Blanchot calls elsewhere Heraclitus' 'lofty play of writing' rather than drawing out what was as yet hidden to the Greek writer. Martin Heidegger, An Introduction to Metaphysics, trans. Gregory Fried and Richard Polt (London and New Haven: Yale University Press, 2000), p.65. In La Bête de Lascaux, Blanchot writes that those who listened to Xenophon or read Heraclitus 'were present at a very strange event: the birth of philosophy in poetry'. I explore this claim in Blanchot's Vigilance, Chapter 4.",Conversation | Linguistics | Logos Bible Software | Philosophy | Skepticism | Theology,https://openalex.org/W2024773497,6.0,,OpenAlex,16
10.1080/14797580500252555,Communities in Question: Sociality and Solidarity in Nancy and Blanchot,Stella Gaon,,2005,2005-09-19,Journal for Cultural Research,,article,en,False,"In his early essays “Violence and Metaphysics” and “The Ends of Man”, Jacques Derrida evoked a “community of the question” when he called for a fundamental questioning of the being of the “we” in the West. This demand was later formulated by Jean‐Luc Nancy and Philippe Lacoue‐Labarthe as the philosophical interrogation of the political (le politique), in distinction from the question of politics (la politique). This essay begins by arguing that what is at stake in this distinction is the very possibility of politics that is otherwise foreclosed. It then explores Nancy’s interrogation of le politique in The Inoperative Community, and compares his response to Maurice Blanchot’s response in The Unavowable Community. It is argued that both deconstructions of “community” depict a certain sociality that corresponds to Derrida’s call—a “communality” beyond or radically other than the traditional model of community as formed by sovereign individuals and as forming the sovereign state. Where they differ is that Blanchot founds the ethical relation of the “unavowable” community on the radical interruption of ontology signaled by death, whereas Nancy casts ontology itself in an ethical register, and thereby allows a certain solidarity to emerge as well. At the very moment when there is no longer a “command post” from which a “socialist vision” could put forward a subject of history or politics, or, in an even broader sense, when there is no longer a “city” or “society” out of which a regulative figure could be modeled, at this moment being‐many, shielded from all intuition, from all representation or imagination, presents itself with all the acuity of its question, with all the sovereignty of its demand (Jean‐Luc Nancy 2000 Nancy, Jean‐Luc. 2000. Being Singular Plural, Edited by: Robert, Richardson and Anne, O’Byrne. Stanford [1996]: Stanford University Press. [Crossref] , [Google Scholar], p. 43).",Algorithm | Biology | Computer science | Database | Ecology | Epistemology | Immanence | Interrogation | Law | Library science | Metaphysics | Philosophy | Political philosophy | Political science | Politics | Rationality | Relation (database) | Sociality | Sociology | Solidarity | Sovereignty | State (computer science) | Subject (documents),https://openalex.org/W2138374925,21.0,,OpenAlex,16
10.1353/sub.2021.0014,Introduction: Reading After Blanchot,Zakir Paul,,2021,2021-01-01,SubStance,,article,en,False,"IntroductionReading After Blanchot Zakir Paul (bio) ""Blanchot is an even greater waste of time than Proust"" (qtd. in Smock 3). George Poulet's judgment, in Ann Smock's wry translation, gives pause to anyone who might claim contemporary literary or political relevance for the French writer, critic, and journalist. Poulet writes, ""Thus, much more radically even than Proust, Maurice Blanchot appears a man of 'lost time'"" (qtd. in Smock 4).1 How does relegating him to such a forgotten past, only accessed involuntarily through missteps, square with his enduring influence over post-war French thought and narrative? Blanchot seems to reject the redemptive abilities attributed to writing from the Phaedrus to Proust. In his thinking, ""all anamnesis is radically impossible,"" all writing instead turns towards ""a time below time"" (Laporte 28). The disaster has always already occurred in some frightfully ancient past—more as a scene than an originary event—even as it remains bound up with a process of perpetual repetition. So how, if at all, does Blanchot speak to the present? Responses to this question are quickly complicated by the rich and varied reception of his work. A lifelong friend of Levinas, he had a considerable influence on Foucault, Deleuze, Derrida, Kofman, Lacoue-Labarthe, Nancy, and many others. Both his fiction and criticism played a determining role in how postwar French philosophy was written, especially in its intense concern with the question of writing as such. Never an academic, he published most of his critical writing in periodicals and led a highly private life. Yet, beginning with his controversial pre-war journalism, his writing included an often underestimated public and political dimension. When Blanchot was considered as a potential editor of the Nouvelle revue française during the occupation, Paul Claudel exclaimed, ""Who is this unknown Blanchot?"" (Bident 173). While the obscurity around his name has been dispelled by decades of commentary, what his signature evokes still remains narrowly circumscribed for many readers: beginning with the extremeright journalism and literary chronicles of the interwar years, Blanchot becomes the author of a trilogy of early novels, followed by increasingly [End Page 3] formless narratives staging scenes of absence, dying and impossible dialogue; searching critical essays exploring the space of literature; and the related effects of writing, disaster, exile, and an ethical attunement to the foreign and the other. Yet this very sequence of associations often limits the appeal, or indeed the legibility, of Blanchot beyond a world of experts familiar with his references from Heraclites, Hölderlin, and Nietzsche to Mallarmé, Bataille, and Duras. For many readers, Claudel's exasperation continues to echo. Whether this obscurity can be entirely dispelled is another matter.2 From De Man onwards, readers have noted both the clarity of Blanchot's style and the obscurity his readings cast on texts (de Man 63). Lydia Davis characterizes the challenge for his translators as finding ""an equivalent of Blanchot's limpid obscurity"" (504). Fredric Jameson remarks that ""the luminous and light-filled clearing promised by Heideggerian ontology and poetics has here become as dark and ominous as a black hole"" (72). The entirety of literature and philosophy risks disappearing into this black hole, whose singularity promises a new concept of literature. Jameson's retelling of Blanchot's ""long and complicated career"" as a distinctly French ""ideology of modernism"" or ""ideology of aesthetic autonomy"" is worth recalling here. Blanchot moves from being a right-wing ideologist in the 1930s to a novelist whose Kafkaesque forms exhaust themselves into reflections on the ""pure act of writing"" in order to emerge as the ""quintessential literary theorist of poststructuralist textuality."" This metamorphosis occurs in what Jameson calls the ""fallow period""—which he polemically dubs the end of Blanchot's ""fascist commitment and the onset of the great wars of national independence"" (184). By simultaneously expanding the classically French canon of texts he previously read and reviewed to include the ""foreign""—whether newly translated American and English writers, or revalorized German language figures—and reducing this heterogenous body of work to the ""paradox of literary writing"" or the autonomy of art, Blanchot replaces the language of schools and movements proper to French criticism with the modernist ideology of aesthetic...",Aesthetics | Art | History | Law | Linguistics | Literature | Narrative | Philosophy | Political science | Politics | Reading (process),https://openalex.org/W3194981550,1.0,,OpenAlex,16
10.1163/9789004401334,Maurice Blanchot and Psychoanalysis,Joseph D. Kuzma,,2019,2019-07-29,,,book,en,False,"This work offers an exploration and critique of Blanchot's various engagements with psychoanalysis, from the early 1950s onward. Kuzma highlights the political contours of Blanchot's writings on Freud, Lacan, Leclaire, Winnicott, and others, ultimately suggesting a link between these writings and Blanchot's broader attempts at rethinking the nature of human relationality, responsibility, and community. This book makes a substantive contribution to our understanding of the political and philosophical dimensions of Blanchot's writings on madness, narcissism, and trauma, among other topics of critical and clinical relevance. Maurice Blanchot and Psychoanalysis comprises an indispensable text for anyone interested in tracing the history of psychoanalysis in post-War France.",Philosophy | Psychoanalysis | Psychology,https://openalex.org/W2968359291,3.0,,OpenAlex,15
10.3366/nfs.2022.0346,Maurice Blanchot: ‘Theorist’ of the Diary?,Sam Ferguson,,2022,2022-06-24,Nottingham French Studies,Edinburgh University Press,article,en,False,"Maurice Blanchot’s writing on the diary has been presented as ignorant and contemptuous of its object, and as misrepresenting the diary by focusing on its literary qualities. This article rehabilitates Blanchot as a critic and theorist of the diary, and moreover, as a pivotal figure in realising the diary’s literary potential. Blanchot’s discussion of particular diarists (including Benjamin Constant, Joseph Joubert, Søren Kierkegaard, Franz Kafka, and André Gide), together with his critical reflections, were instrumental in his creation of conceptions of literature that exerted a strong influence on the avant-garde movements of the following decades, even though these avant-gardes rejected the introspective aspect of intimate writings. Furthermore, Blanchot produced a programme for how the diary might become a literary work, which was picked up again by Roland Barthes in 1979, and casts light on experimental uses of the diary in recent decades.",Art | Art history | Epistemology | Introspection | Linguistics | Literature | Object (grammar) | Philosophy | Temporality,https://openalex.org/W4283381785,1.0,,"Crossref, OpenAlex",15
10.5840/acpq20027622,On the Question of Authorship in Maurice Blanchot,Joseph Suglia | None None,,2002,2002-01-01,American Catholic Philosophical Quarterly,Philosophy Documentation Center,article,en,False,"This article - part of a larger project that examines the place of the human in contemporary thought after the critique of the subject - takes as its point of departure the problematic of the author in Maurice Blanchot. If the author is sacrificed to language, it is argued, this is not to be conceived as the mere negation of authorial subjectivity; rather, the author, as a sacrificial figure, answers to the exigency of a figuration that would enable the a priori condition of signification in general to be exposed. In a word, the human is not dispensed with, for Blanchot, but engaged by language at its limits. On the basis of this analysis, La folie du jour is construed as a narrative of what is called the narrative voice.",Epistemology | Philosophy,https://openalex.org/W2029891101,1.0,,"Crossref, OpenAlex",15
10.5209/rev_esim.2012.v8.40531,Jean Luc-Nancy y Maurice Blanchot: el reparto de lo inconfesable,Cristina Rodríguez Marciel,,2012,2012-12-21,Escritura e Imagen,,article,es,False,"From a personal circumstance, the author of this paper keeps up correspondence with Jean-Luc Nancy about the “readings” that each of them made about Maurice Blanchot’s La Communauté inavouable. At that time, Blanchot’s book appeared as a “response” to Nancy’s La Communauté desoeuvrée, being triggered off, from both texts, what, from that moment, was an unusual way to approach the question of the community. So, why the inclusion of an enigmatic second part “dedicated” to the Marguerite Duras’s book, La Maladie de la mort, in the Blanchot’s book? Why the inclusion in his book of a story about the nights that a man spends, complained about “the impossibility to love”, with a young woman with which the only thing, that binds her, is the contract for any paid nights and in which body he wants to find the life that misses him? The author of this work, “extracting” to Nancy himself a “response” to this question and in dialogue with him, undertakes her own research (not elucidate) of Blanchot’s text",Anthropology | Art | Art history | Impossibility | Inclusion (mineral) | Law | Philosophy | Political science | Psychoanalysis | Psychology | Sociology,https://openalex.org/W2002013680,7.0,,OpenAlex,15
10.1093/fmls/cqm123,Weakness as a Form of Engagement: Maurice Blanchot on the Figure of the Last Man,Daniel Just,,2008,2008-01-01,Forum for Modern Language Studies,Oxford University Press (OUP),article,en,False,"Against the background of the literary and philosophical debates in France in the mid- and the late 1950s, this article examines Maurice Blanchot's narrative Le Dernier homme (1957), as well as his critical essays from this period, asking whether the emphasis Blanchot puts in these texts on exhaustion, weakness and suspended deixis is, at the height of the war in Algeria, a sign of an apolitical withdrawal. I argue that instead of positing stylistic asceticism, slowness and silence as autonomous aesthetic categories, these texts propose them as historically conditioned literary devices – devices capable of undermining the drive for mastery that Blanchot identifies as the cause of the present Western ego- and ethnocentrism.","Aesthetics | Anatomy | Art | Asceticism | Deixis | History | Id, ego and super-ego | Linguistics | Literature | Mathematical analysis | Mathematics | Medicine | Narrative | Period (music) | Philosophy | Physics | Psychoanalysis | Psychology | Quantum mechanics | Sign (mathematics) | Silence | Slowness | Theology | Weakness",https://openalex.org/W2158171757,2.0,,"Crossref, OpenAlex",15
10.4000/narratologie.6572,Maurice Blanchot : une phénoménologie du récit,Maxime Decout,,2012,2012-01-01,Cahiers de narratologie,,article,fr,False,"Les récits de Maurice Blanchot, et tout particulièrement L’Attente l’oubli, dérangent les codes traditionnels du récit en l’évidant de ses personnages comme de son histoire. C’est pourquoi ils semblent proposer une nouvelle poétique du récit où le centre de gravité du texte se déporte peu à peu vers l’événement qu’est en lui-même le récit. Pour ce faire, ils tentent de saisir l’instant premier d’un dit essentiel en convoquant les forces de l’attente et de l’oubli, associées dans une perception renouvelée d’un réel soumis au Neutre et à l’absence de sens. Les contenus s’évident peu à peu pour laisser résonner dans leur nudité les formes et apparences qui les portent : l’énonciation, le dire, l’acte de penser, d’oublier ou d’attendre sont les seuls événements que le récit peut prendre en charge devant un énoncé, un dit, une pensée, un oubli ou une attente vidés de toute substance.",Art | Humanities | Philosophy,https://openalex.org/W2055013959,2.0,,OpenAlex,15
10.3406/caief.1998.1329,Maurice Blanchot : la folie du commencement,Andrea Del Lungo,,1998,1998-01-01,Cahiers de l Association internationale des études francaises,,article,fr,False,"Del Lungo Andrea. Maurice Blanchot : la folie du commencement. In: Cahiers de l'Association internationale des études francaises, 1998, n°50. pp. 343-375.",Philosophy | Psychoanalysis | Psychology,https://openalex.org/W2017724071,2.0,,OpenAlex,15
10.3366/para.2016.0203,The Uses of Maurice Blanchot in Bernard Stiegler's <i>Technics and Time</i>,Calum Watt,,2016,2016-09-19,Paragraph,Edinburgh University Press,article,en,False,"This article argues that Maurice Blanchot is a significant presence in Bernard Stiegler's Technics and Time series. The article first sets out Stiegler's invocation of the Blanchotian ‘change of epoch’ in the first volume, which attempts to situate Blanchot within the horizon of technics. I argue Blanchot's disaster is a hidden element in Stiegler's play on the motifs of the star and catastrophe. The article then traces how these motifs emerge in the second and third volumes, in which the technical forms of photography and cinema become more important and where the motifs are woven together through reference to works by Roland Barthes, D. W. Winnicott and Federico Fellini. Stiegler filters these references to apparently disparate figures through Blanchot's analyses of writing and temporality. Tracing both overt and unacknowledged references to Blanchot in Stiegler's text, I conclude that Stiegler's use of Blanchot destabilizes his conceptions of time and epochality.",Art | Art history | Epistemology | Invocation | Literature | Philosophy | Temporality | Theology,https://openalex.org/W2521412576,2.0,,"Crossref, OpenAlex",15
10.4000/books.puv.991,"Maurice Blanchot, le principe de fiction",Marie-Laure Hurault,,1999,1999-01-01,Presses universitaires de Vincennes eBooks,Presses universitaires de Vincennes,book,fr,False,"La fiction se définit-elle comme une image du réel, ou bien la feinte dont elle procède met-elle en péril la distinction entre la réalité et son image ? C’est cette question que les textes fictionnels de Maurice Blanchot - romans ou récits - permettent d’éprouver. Le part-pris initial de ce livre suppose de prendre la fiction au sérieux - donc de séparer, chez Blanchot, le versant fictionnel et le champ critique et théorique qui trop souvent lui sert de commentaire. Ainsi libérée de toute référence à la question de l’écriture, la fiction peut décliner le mouvement selon lequel elle ne cesse d’apparaître, sans pour autant donner lieu à une pensée de l’être. Ce geste du déclin - des figures ou des voix, du reflet et de la mort - rend à la fiction sa pleine réalité : soit une constante inquiétude sur la pensée du réel. Ainsi s’ouvrent des voies insoupçonnées, que l’on explore ici - à travers le texte blanchotien - sur tous les textes qui, de Poe à Beckett ou de Bousquet à Melville, ont mis en jeu un principe de fiction irréductible au partage assuré du réel et du feindre.",Art | Humanities | Philosophy,https://openalex.org/W658314197,5.0,,"Crossref, OpenAlex",15
10.1353/lit.2016.0042,Maurice Blanchot and the Fragmentary Imperative of Terror,Christopher Langlois,,2016,2016-01-01,College literature,,article,en,False,"This article revisits Maurice Blanchot’s reading of German Romanticism and the Marquis de Sade in order to develop the concept of the fragmentary imperative of terror. For Blanchot, the romantic theory of literature originally formulated through the fragmentary collections of writings of Friedrich Schlegel and Novalis, as well as the scandalous and virtually unreadable publications attached to the name of the Marquis de Sade, places the historical phenomenon of terror at the heart of the aesthetic project of modern literature through which many notable writers of twentieth-century European modernism continued to work. Terror is a fascinating concept for Blanchot precisely because of its historical trajectory out of the space of revolutionary politics and into the space of modern literature. Accordingly, this article provides an historical foundation for Blanchot’s more widely discussed theory of the fragmentary imperative of literature by grounding it in Blanchot’s articulation of the political-cum-literary imperatives of terror.",Aesthetics | Art | Epistemology | History | Literature | Philosophy | Psychoanalysis | Psychology,https://openalex.org/W2528292949,1.0,,OpenAlex,15
10.1111/gequ.10207,"A Same Other, Another Same: Walter Benjamin and Maurice Blanchot on Translation",Vivian Liska,,2014,2014-04-01,The German Quarterly,,article,en,False,"Even though Walter Benjamin and Maurice Blanchot count among the most important literary critics of the past century and shared many concerns, they have rarely been considered together. There is, however, evidence that Blanchot read parts of Benjamin's writings and was inspired by them. Blanchot's most extensive references to Benjamin appear in a text entitled “Translating.” This essay was composed on the basis of notes that Blanchot took while reading Benjamin's essay “Die Aufgabe des Übersetzers” and that have remained unpublished. These notes, which consist mainly of translations of passages from Benjamin's essay are a rich source of insight into Blanchot's reading process, which resulted in a powerful affirmation as well as a radical transfiguration of Benjamin's theory of translation. They also shed light on the similarities and differences between the two thinkers' respective theories of translation, their philosophies of language, and the divergent traditions in which their thinking is embedded.",Art | Art history | History | Linguistics | Literature | Philosophy | Reading (process),https://openalex.org/W1974199737,6.0,,OpenAlex,15
10.1353/isl.2015.0015,The Ethics of the Perfect Man: Maurice Blanchot and Ibn Arabi,Hossein Moradi,,2015,2015-08-09,Journal of Shiʿite Islamic studies/Journal of Shi'a Islamic studies,,article,en,False,"For Maurice Blanchot, the ethical relationship is to be sought not in the developmental and self-reflexive movement of acquiring identity dialectically in the relationship between one entity and the other, but rather in the productive process of attaching and distancing. This makes a neutral relationship in which the human remains in between, in the back and forward movement exploring abyssally his/her own existential potentiality without being reduced into the social or the transcendental purpose. This argument corresponds with Ibn ͑Arabi’s ethics concerning the notion of the perfect man. The perfect man does not carry out perfection by acquiring all of God’s attributes but he/she becomes a neutral space, barzakh , within which God makes a relationship among His attributes through which entities are created. In this sense, the perfect man becomes the very relationship , the medium through which God presents Himself. Beyond the moral and mystical relationship in which the human is striving after God, the perfect man is simultaneously within and outside God.",Aesthetics | Argument (complex analysis) | Biochemistry | Chemistry | Coronavirus disease 2019 (COVID-19) | Disease | Distancing | Epistemology | Existentialism | Identity (music) | Immortality | Infectious disease (medical specialty) | Medicine | Mysticism | Pathology | Perfection | Philosophy | Reflexive pronoun | Theology | Transcendental number,https://openalex.org/W1085881102,2.0,,OpenAlex,15
10.1353/cul.2014.a559313,Totality and the Common: Henri Lefebvre and Maurice Blanchot on Everyday Life,Jen Hui Bon Hoa,,2014,2014-09-01,Cultural Critique,,article,en,False,"Totality and the CommonHenri Lefebvre and Maurice Blanchot on Everyday Life Jen Hui Bon Hoa (bio) The “everyday,” defined as that which escapes regimes of signi-fication and bureaucratic regulation, is often considered subversive because it disrupts totalizing narratives and calls forth new political practices and subject positions. Although Henri Lefebvre is generally cited as the principal theorist of everyday life, this particular definition is clearly modeled on Maurice Blanchot’s and, later, Michel de Certeau’s ideas—which, I seek to demonstrate, are fundamentally at odds with Lefebvre’s.1 A notion of the everyday as purely a source of ontological or epistemological instability can accommodate neither Lefebvre’s sociological critique of it, nor his vision for its transformation. The association of the everyday with resistance to representation nonetheless seems to derive from a partial reading of Lefebvre, who famously describes the everyday as an indeterminate “residue,” defined negatively by exclusion from special events and activities. In the neglected, second part of this definition, however, Lefebvre adds that the everyday thus constitutes a “common ground” that, in relating these specific experiences and practices to one another, enables us to conceive of lived reality as an organic whole (2008a, 97). This dialectic of residue and common ground underpins Lefebvre’s approach to everyday life. Lefebvre’s foregrounding of everyday life as a site of commonality speaks to a conception of critical theory as that which makes connections between disparate elements of social life and disciplinary approaches to its analysis, thus furthering the understanding of the social totality. Committed to a revolutionary political project, Lefebvre believes theory’s role is to orient individual practices in local contexts by mapping, as far as possible, the historical and global horizon of [End Page 54] political activity. While recent discussions of everyday life tend to offer one-dimensional attacks on the coercive nature of totalizing theories, Lefebvre’s approach first rebuts the opposition of totality and difference that condition such attacks and then draws attention to what is lost with an outright dismissal of the notion of totality. Understood dialectically, totality emerges not as a deterministic theory of history or society but as a heuristic that illuminates relationships between conditions and effects, personal experience and institutions. For Lefebvre, totality is a hermeneutic context that allows difference to become visible and meaningful, rather than one that suppresses difference in order to defend a teleology or unitary definition of society.2 From this definition of the common in terms of social totality arises a second set of ideas about the relationship between commonality and political practice. As is often forgotten, Lefebvre’s critique of everyday life is a critique specifically of the privatization of everyday life. In response to a perceived depoliticization during the prosperous post-war years, expressed by a general disengagement from the public sphere and loss of faith in collective action, Lefebvre identifies in the common ground of everyday life a possible source of solidarity. It is by producing a critical discourse of everyday life—by turning residual, untheorized everyday experience into communicable experience (Erlebnis into Erfahrung, to use Walter Benjamin’s terms)—that one can reframe ostensibly private and individual experiences in terms of a collective struggle. In this essay, I begin by examining the disjunctions between Lefebvre’s and Blanchot’s notions of everyday life, and show how the latter has dictated the terms of Lefebvre’s reception in Anglo-American scholarship. I then focus on the overlooked question of the common in Lefebvre’s theory of everyday life as a way of mediating between his approach and Blanchot’s. Whereas Blanchot is unequivocal in his rejection of totality, he echoes Lefebvre’s insistence on dismantling the idea of the self-identical, atomized subject and articulating a mode of collective existence. For both writers, this engagement with the question of the common anchors their claims to the political significance of the everyday. It is, however, a very different notion of the common and, consequently, of politics, that emerges from their two theories. By examining the idea of the common in Lefebvre’s critique of everyday life and in Blanchot’s reworking of it, I identify two models of political [End...",Aesthetics | Dialectic | Epistemology | Everyday life | Law | Linguistics | Narrative | Philosophy | Political science | Politics | Representation (politics) | Sociology,https://openalex.org/W4379805297,2.0,,OpenAlex,15
10.14394/eidos.jpc.2020.0019,"Testimony of Death: From Extermination Camps to Clinical Practice: A Discussion with Winnicott, Blanchot and Derrida",Dorothée Legrand,,2020,2020-08-12,Eidos A Journal for Philosophy of Culture,University of Warsaw,article,en,False,"Is there any witness to death? As detailed by Jacques Derrida, any testimony is detached from the direct perception of the event it reports. Thus, a testimony may report one's encounter with death, not only with the death of the other, but also with one's own death, even though it can never by experienced as such. In particular, reports from ""survivors"" ought to be taken un-metaphorically as they confront us with what Maurice Blanchot related as ""the encounter of death with death."" In line with such testimonies, Donald Woods Winnicott helps us here in considering an ""anterior death,"" a death that already happened without being experienced as such and which may haunt the subject until it remembers it. But how may one remember a past that has never been present? And how may one remember death without dying? In dialogue with Maurice Blanchot, we are guided toward a manner of considering silence as an oblivious remembrance of that which can be brought back from death.",Aesthetics | Computer science | Event (particle physics) | Library science | Linguistics | Philosophy | Physics | Psychoanalysis | Psychology | Quantum mechanics | Silence | Subject (documents) | Witness,https://openalex.org/W3076847642,4.0,,"Crossref, OpenAlex",14
10.1353/mln.2006.0011,"""Distrust of Poetry"": Levinas, Blanchot, Celan",Leslie Hill,,2005,2005-12-01,MLN,,article,en,False,"""Distrust of Poetry"":Levinas, Blanchot, Celan Leslie Hill I ""Aller Anfang ist schwer."" All beginnings are difficult. The beginning, as far as this paper is concerned, perhaps like all beginnings, was an unexpected encounter, an event, a chance moment when the author of these lines (not for the first time, but as though it were the first time) came across a brief sixteen-word fragment from Maurice Blanchot's Le Pas au-delà [The Step Not Beyond], a fragment that, in all senses of the word, appealed to him—and to me. That fragment is as follows: ◆ A hand outstretched, refused, which, in whatever manner, we would not be able to grasp. This dense yet incisive text, as I have sought to argue elsewhere, points in many different directions: towards philosophy (Heraclitus, Hegel, Heidegger, Bataille), towards politics (the events of May 1968 in Paris), and towards that writing that, perhaps ironically, but with enduring persistence, Blanchot continued till the end to address as literature or poetry.2 Under this last rubric, I want to suggest that what Blanchot's fragment also evokes, among others—discreetly, cryptically, ungraspably—is the writing of Paul Celan, that poet of undecidable nationality (Romanian by birth, German by language, French by adoption) whose outstretched hand, refusing itself or refused, at any [End Page 986] event not grasped, was extended for one last time perhaps on the evening of April 19, 1970, shortly before the poet's death by drowning—by his own hand—some three and a half years before the publi-cation of Le Pas au-delà.3 Celan's death, as convention demands, was an occasion both for mourning and for celebration alike. As such, it brought together in 1972, within the pages of a memorial issue of La Revue de Belles-Lettres, two lifelong friends, joined in their many differences and separated in their constant accord: Maurice Blanchot and Emmanuel Levinas, each of whom contributed an essay on Celan to the journal. ""De l'être à l'autre [From Being to the Other],"" Levinas titled his piece; ""Le Dernier à parler [The Last To Speak],"" Blanchot wrote alongside.4 These titles say much. They show that, in remembering Celan, both Blanchot and Levinas were endeavouring to respond, each in his own idiom, to an event—event without event, perhaps—affecting not only the possibility and impossibility of a singular existence, what Celan at one point calls ""a unique, mortal existence, who with both voice and silence seeks a path,""5 but also the possibility and impossibility of poetry itself, in other words: its future. Not as revelation, destiny, or truth, but as an encounter, announced, affirmed, and underwritten in the words of another. As we shall see, everything turns on this question of translation and citation. II Let me first hand over to Levinas, the elder by nearly two years. Levinas begins his tribute to Celan with a well-known quotation, taken from a letter to Hans Bender in May 1960, in which the poet explains his reasons for not contributing an essay on his own poems to the anthology Bender was preparing. ""Once the poem is really there [wirklich da],"" Celan argued, ""the poet is released from his original involvement in it.""6 Commentary, then, is not the prerogative of the poet. But in refusing to participate in Bender's project, Celan was not appealing to established assumptions about aesthetic autonomy. What his gesture betokened instead was more a kind of radical generosity. Poems, Celan explains later in the same letter, are also gifts, ""gifts to whoever is paying attention [Geschenke an die Aufmerksamen]."" ""I see no essential difference,"" he famously added, ""between a handshake and a poem [zwischen Händedruck und Gedicht].""7 [End Page 987] Citing these famous words, in French, at the beginning of his essay, Levinas goes on to offer the following commentary: With one stroke of the pen, the poem, the height of language, is reduced to the level of an interjection, a form of expression as inarticulate as a wink [un clin d'œil], a sign to one's neighbour! A sign of what? Of life [de vie]? Kindness [de bienveillance]? Or complicity? Or a sign of...",Art | Distrust | Epistemology | Event (particle physics) | Hegelianism | History | Law | Literature | Philosophy | Physics | Poetry | Political science | Quantum mechanics,https://openalex.org/W2075345145,12.0,,OpenAlex,14
10.1093/oxfordhb/9780190455934.013.3,"Levinas, Blanchot, and Art",Kevin Hart,Michael L. Morgan,2018,2018-02-05,The Oxford Handbook of Levinas,Oxford University Press,reference-entry,en,False,"This chapter explores several aspects of the friendship of Emmanuel Levinas and Maurice Blanchot. First, a brief narrative of their friendship is given. Second, their views on literature and art are explored, with particular attention given to Levinas’s essay “Reality and Its Shadow” and Blanchot’s essay “Two Versions of the Imaginary.” Third, Blanchot’s responses to Levinas’s ethics are discussed: first, the reservations about the program of Totality and Infinity as elaborated in The Infinite Conversation; and second, the appreciative fragments on Otherwise Than Being in The Writing of the Disaster. And fourth, the significance of Judaism for each thinker is evaluated.",Art | Conversation | Epistemology | Friendship | Judaism | Linguistics | Literature | Narrative | Philosophy | Psychoanalysis | Psychology | Shadow (psychology) | Social science | Sociology | The Imaginary | Theology,https://openalex.org/W2793922611,1.0,,"Crossref, OpenAlex",14
10.1386/ijfs.7.3.131/0,Bilingue l’obscur: Blanchot in the interstices of Abdelkebir Khatibi’s Amour bilingue,Anne Quinney,,2004,2004-11-01,International Journal of Francophone Studies,,article,en,False,"This study understands the textual resemblance between the 1941 novel Thomas l’obscur by Maurice Blanchot and the 1983 novel Amour bilingue by Abdelkebir Khatibi to be more than coincidental, and is instead a calculated, strategic rewriting on the part of Khatibi. This analysis targets the reasons behind Khatibi’s appropriation of Blanchot, suggesting that the obvious textual borrowing ultimately works to advance Khatibi’s project of the ‘double critique’. An examination of Khatibi’s theoretical strategies as a politically committed writer reveal his aim to articulate the multifarious nature of Maghreb identity freed from the unitary and universalizing notions of national and cultural identity inherent in Western metaphysics and Arab-Islamic culture. These well-studied strategies structure his novel, Amour bilingue, although it is Blanchot’s significant influence on the novel that has eluded critics in the past. The implications of this act of textual appropriation challenge the ideas we have about originality and creation while they also raise questions about the liberties to which politically committed literature lays claim.",Aesthetics | Anthropology | Appropriation | Art | Biology | Deconstruction (building) | Ecology | Epistemology | Identity (music) | Law | Linguistics | Literature | Metaphysics | Originality | Philosophy | Political science | Qualitative research | Sociology | Unitary state,https://openalex.org/W1997945065,2.0,,OpenAlex,14
10.1080/13534641003634606,Blanchot and the End of Nature,Timothy Clark,,2010,2010-04-08,Parallax,,article,en,False,"Click to increase image sizeClick to decrease image size Notes 1 Maurice Blanchot, The Step Not Beyond, trans. Lycette Nelson (Albany, SUNY Press, 1992), p.19. 2 See John M. Meyer, Political Nature: Environmentalism and the Interpretation of Western Thought (Cambridge, Mass.: MIT Press, 2001) on the recurrent fallacy that politics is derivative from nature (p.15). Greens are now frequently criticized for using references to 'ecology' to serve the age-old fallacy of using appeals to nature to mask what are essentially contentious political judgments. The now discredited notion that the 'ecological' itself necessarily represents a principle of balance, harmony, diversity and interconnection, etc. has been especially hard to dispel. Even the relatively sophisticated green anarchism of Murray Bookchin bases itself on the 'ecological' in that sense, with its idealization of a wild, unaltered ecosystem as inherently 'libertarian', that is 'an image of unity in diversity, spontaneity and complementary relationships, free of all hierarchy and domination' (The Ecology of Freedom: The Emergence and Dissolution of Hierarchy 1982 (Edinburgh: AK Press, 2005), p.453). An 'organic' human society for Bookchin would thus be one in supposed harmony with nature as a space of 'symbiosis and mutualism', p.460. This essay is not, it should be needless to say, an attack on environmental thinking per se, but it tries to contribute to the necessary task of ridding it of elements of intellectual anachronism. 3 See his Ecology without Nature (Cambridge Mass.: Harvard UP, 2008). 4 Maurice Blanchot, The Infinite Conversation, trans. Susan Hanson. (Minneapolis: Minnesota University Press, 1993), p.126. 5 Maurice Blanchot, The Step Not Beyond, p.2. 6 Maurice Blanchot, The Infinite Conversation, pp.6–8. 7 Leslie Hill, 'Affirmation without Precedent: Maurice Blanchot and Criticism Today', in After Blanchot: Literature, Criticism, Philosophy, ed. Leslie hill, Brain Nelson & Dimitris Vardoulakis (Newark: University of Delaware Press, 2005), pp.58–79, 76. 8 Ted Toadvine, 'The Primacy of Desire and its Ecological Consequences', in Eco-Phenomenology: Back To the Earth Itself, ed. Charles S. Brown and Ted Toadvine (Albany: SUNY Press, 2003), pp.139–54. 9 Ted Toadvine, 'The Primacy of Desire and its Ecological Consequences', p.149. 10 Maurice Blanchot, The Infinite Conversation, p.38. 11 Maurice Blanchot, The Infinite Conversation, p.48. 12 Maurice Blanchot, The Infinite Conversation, p.47. 13 Lawrence Buell, The Environmental Imagination: Thoreau, Nature Writing, and the Formation of American Culture (Cambridge Mass.: Harvard University Press, 1995), p.86. 14 Jonathan Bate, The Song of the Earth (London: Picador, 2000), p.64. 15 Dana Phillips, The Truth of Ecology: Nature, Culture, and Literature in America (Oxford: Oxford University Press, 2003), p.161. 16 Sylvia Bowerbank, Speaking for Nature: Women and Ecologies of Early Modern England (Baltimore: Johns Hopkins, 2004); Alice Jenkins, 'Alexander von Humboldt's Kosmos and the Beginnings of Ecocriticism', ISLE 14:2 (Summer 2007), pp.89–105; Angela Wilde, 'Challenging the Confines: Haiku from the Prison Camps', in Coming into Contact: Explorations in Ecocritical Theory and Practice, ed. Annie Merril Ingram et al (Athens: University of Georgia Press, 2007), pp.39–57. 17 Kevin Hart, The Dark Gaze: Maurice Blanchot and the Sacred (Chicago, University of Chicago Press, 2004), p.160. 18 Jonathan Bate, The Song of the Earth, pp.102–110. 19 Maurice Blanchot, 'Encountering the Imaginary', in The Book to Come [1959], trans. Charlotte Mandell (Stanford: Stanford University Press, 2003), pp.3–10. This paper confines itself to arguments of Blanchot's on the literary and the image. A sister article also takes up Blanchot's rapprochement with Levinas on the human relation as one of 'impossibility', seeing it as a questionable kind of anthropocentrism ('A Green Blanchot: Impossible?', Paragraph 30:3 (2007), pp.121–40. 20 Jonathan Bate, The Song of the Earth, pp.105. 21 Season of mists and mellow fruitfulness, Close bosom-friend of the maturing sun; Conspiring with him how to load and bless With fruit the vines that round the thatch-eves run; To bend with apples the moss'd cottage-trees, And fill all fruit with ripeness to the core; To swell the gourd, and plump the hazel shells With a sweet kernel; to set budding more, And still more, later flowers for the bees, Until they think warm days will never cease, For summer has o'er-brimm'd their clammy cells. Who hath not seen thee oft amid thy store? Sometimes whoever seeks abroad may find Thee sitting careless on a granary floor, Thy hair soft-lifted by the winnowing wind; Or on a half-reap'd furrow sound asleep, Drows'd with the fume of poppies, while thy hook Spares the next swath and all its twined flowers: And sometimes like a gleaner thou dost keep Steady thy laden head across a brook; Or by a cyder-press, with patient look, Thou watchest the last oozings hours by hours. Where are the songs of spring? Ay, where are they? Think not of them, thou hast thy music too,- While barred clouds bloom the soft-dying day, And touch the stubble-plains with rosy hue; Then in a wailful choir the small gnats mourn Among the river sallows, borne aloft Or sinking as the light wind lives or dies; And full-grown lambs loud bleat from hilly bourn; Hedge-crickets sing; and now with treble soft The red-breast whistles from a garden-croft; And gathering swallows twitter in the skies. The Poems of John Keats, ed. Jack Stillinger (London: Heinemann, 1978), p.249. 22 Jonathan Bate, The Song of the Earth, pp.107. 23 Jonathan Bate, The Song of the Earth, pp.109. 24 See Timothy Morton, Ecology without Nature, pp.197–205. 25 Maurice Blanchot, The Writing of the Disaster [1980], trans. Ann Smock (Lincoln: University of Nebraska Press, 1986), p.71. 26 Maurice Blanchot, The Space of Literature, trans. Ann Smock (Lincoln: University of Nebraska Press, 1982), p.240. 27 Andrew Bowie, Aesthetics and Subjectivity from Kant to Nietzsche (Manchester: Manchester University Press, 1990), p.44. 28 Maurice Blanchot, Lautréamont et Sade (Paris: Éditions de Minuit, 1949, revised edition, 1963). Translation from Kevin Hart, The Dark Gaze, p.138. 29 Maurice Blanchot, Infinite Conversation, p.9. 30 Maurice Blanchot, Infinite Conversation, p.10. 31 Maurice Blanchot, The Space of Literature, p.24 32 Jean Pfeiffer, 'La passion de l'imaginaire', Critique, 229 (1966), pp.571–578, 577. 33 Maurice Blanchot, The Book to Come, pp.7–8. 34 Maurice Blanchot, The Book to Come, pp.9–10. 35 Maurice Blanchot, The Space of Literature, pp.254–63. 36 Maurice Blanchot, Infinite Conversation, p.321. 37 Maurice Blanchot, Infinite Conversation, p.321. 38 Maurice Blanchot, Infinite Conversation, p.322. 39 Maurice Blanchot, The Book to Come, p.33. 40 Maurice Blanchot, The Space of Literature, p.244. 41 Maurice Blanchot, Infinite Conversation, p.320. 42 Hannah Arendt, The Human Condition (Chicago: University of Chicago Press, 1958), p.178. 43 Maurice Blanchot, Infinite Conversation, p.10. 44 Maurice Blanchot, The Book to Come, p.11. 45 Maurice Blanchot, 'The Two Versions of the Imaginary', The Space of Literature, p.256. 46 Maurice Blanchot, 'The Two Versions of the Imaginary', The Space of Literature, p.180. 47 Maurice Blanchot, Infinite Conversation, p.149. 48 Maurice Blanchot, Infinite Conversation, p.16. 49 Martin Heidegger, The Principle of Reason, trans. Reginald Lily (Indiana: Indiana University Press, 1991), p.41.",Philosophy,https://openalex.org/W2034950691,1.0,,OpenAlex,14
10.3390/rel4030336,"Faith in the Ghosts of Literature. Poetic Hauntology in Derrida, Blanchot and Morrison’s Beloved",Elisabeth Marie Loevlie,,2013,2013-07-04,Religions,,article,en,False,"Literature, this paper argues, is a privileged language that can give form to those specters of existence that resist the traditional ontological boundaries of being and non-being, alive and dead. This I describe as the “hauntology” of literature. Literature, unlike our everyday, referential language, is not obliged to refer to a determinable reality, or to sustain meaning. It can therefore be viewed as a negation of the world of things and sensible phenomena. Yet it gives us access to vivid and sensory rich worlds. The status of this literary world, then, is strangely in-between; its ontology is not present and fixed, but rather quivering or ghostlike. The “I” that speaks in a literary text never coincides with the “I” of the writing subject, rather they haunt each other. This theoretical understanding is based on texts by Jacques Derrida and Maurice Blanchot. The paper also draws an analogy between this spectral dynamic of literature and an understanding of religious faith or belief. Belief relates to that which cannot be ontologically fixed or verified, be it God, angels, or spirits. Literature, because it releases and sustains this ontological quivering, can transmit the ineffable, the repressed and transcendent. With this starting point, I turn to Toni Morrison’s book Beloved (1987) and to Beloved’s strange, spectral monologue. By giving literary voice to the dead, Morrison releases literature’s hauntology to express the horror that history books cannot convey, and that our memory struggles to contain.",Analogy | Art | Computer science | Epistemology | Faith | History of literature | Library science | Linguistics | Literature | Meaning (existential) | Negation | Ontology | Philosophy | Poetry | Subject (documents),https://openalex.org/W2165192391,46.0,,OpenAlex,14
10.2979/jmodelite.44.3.06,Blanchot in Infinite Conversation(s) with Beckett,Arleen Ionescu,,2021,2021-01-01,Journal of Modern Literature,Indiana University Press,article,en,False,"In a short text entitled ""Oh All to End,"" the preface to the 1990 issue of Critique commemorating Samuel Beckett, Maurice Blanchot claimed that Beckett was prepared to recognize himself in a passage from Awaiting Oblivion. Carrying on thoroughly exploring this assertion, I examine the polyphonic dialogue between Blanchot and Beckett, from the way in which Beckett approached Blanchot's work to Blanchot's engagement with the Beckettian intertext and analyzing Awaiting Oblivion and The Infinite Conversation from the perspective of the Neuter. If, on the one hand, Awaiting Oblivion mirrors Waiting for Godot not only thematically, but also in the way the nothing itself acts as a foil, then on the other hand, Blanchot's text poetically mirrors several of Beckett's fragments from How It Is and Texts for Nothing that Blanchot blends in his prose. Beckett's voice is ""ill-heard,"" ""ill-murmured,"" ""ill-recorded"" in The Infinite Conversation where Blanchot, similarly to Krapp, rewinds Beckett's last tape, yet never reveals its end to us.",Art | Assertion | Computer science | Conversation | Epistemology | Linguistics | Literature | Nothing | Perspective (graphical) | Philosophy | Polyphony | Programming language | Visual arts,https://openalex.org/W3178066739,3.0,,"Crossref, OpenAlex",14
10.5040/9781472544018,"The Disappearance of Literature : Blanchot, Agamben, and the Writers of the No",Aaron Hillyer,,2013,2013-01-01,Bloomsbury Academic eBooks,Bloomsbury Academic,book,en,False,"Aaron Hillyer considers the fate and implications of Maurice Blanchot's enigmatic formulation of literature's future: &Literature is heading to its essence, which is its disappearance.& The Disappearance of Literature's primary theoretical objective is to highlight a previously neglected difference between Blanchot's and Agamben's philosophies. These philosophical and literary arguments proceed by examining a series of related concepts: study, sexuality, language, mysticism, and friendship. Despite the fact that Blanchot and Agamben often serve today as primary points of reference for literary theory, no significant critical work has yet examined their works in a sustained dialogue. Hillyer initiates this new trajectory of research through readings of Blanchot's The Unavowable Community and Agamben's The Open, which are followed by encounters with books by contemporary writers Vila-Matas, Aira, and Carson. The juxtaposition of these two different forms of writing (philosophy as literature and literature as philosophy) shows that the new kind of writing analyzed",Art | Epistemology | Friendship | Literature | Metaphysics | Mysticism | Philosophy | Philosophy and literature | Reflexive pronoun | Social science | Sociology | Theology,https://openalex.org/W586998499,9.0,,"Crossref, OpenAlex",14
,Emmanuel Levinas Maurice Blanchot : penser la différence,Éric Hoppenot | Alain Milon,,2007,,,,OUV,,,,,,,,HAL,12
,"Coetzee, Blanchot, and the Work of Writing: The Impersonality of Childhood",Mike Piero,,2015,2015-01-01,DOAJ (DOAJ: Directory of Open Access Journals),,article,en,,"This essay pursues an articulation of the relation between the personal and impersonal as they relate to the artistic work of writing, particularly as seen in the work of South African author J.M. Coetzee. Taking the critical theory of Maurice Blanchot as its touchstone on im-personal-ity, the essay aims to uncover how Coetzee’s writing simultaneously negotiates and foregrounds a middle ground between the personal and impersonal as well as between persons and personalities, which issues in the construction of works of art that are personally impersonal in a way that distinguishes authors like Coetzee and Blanchot from others who are, perhaps, more interested in their own personal expression and ‘celebrity.’ Starting with an analysis of these matters as they appear in his memoir-novels, this essay ultimately pursues the consummation of this impersonal discourse and the work of writing in Coetzee’s most recent novel, The Childhood of Jesus (2013).",Sociology | Work (physics) | Engineering | Mechanical engineering,https://openalex.org/W1605302932,6.0,,OpenAlex,12
10.17851/2238-3824.7.0.143-160,"Blanchot, paradoxo plural",Maurício Salles Vasconcelos,,2011,2011-11-02,Caligrama Revista de Estudos Românicos,,article,fr,False,"Resumo: Maurice Blanchot compreende a literatura como um espaço diferencial, paradoxal margem onde o campo do conhecimento é redefinido. Via plural de teoria e narrativa, a escrita blanchotiana estabelece com escritores e filósofos uma conversa infinita, uma outra forma de leitura e saber; concebe um livro por vir.Palavras-chave: Crítica literária; Maurice Blanchot; espaço; filosofia.Résumé: Maurice Blanchot comprend la littérature comme um espace différentiel, paradoxal marge où le champ de la pensée est redefini. Vie plurielle de théorie et narration, l‘écriture blanchotienne établit avec des écrivains et des philosophes um entretien infini, une autre forme de lecture et de; elle conçoit um livre à venir.Mots-clés: Critique littéraire; Maurice Blanchot; espace; philosophie.Keywords: Literary criticism; Maurice Blanchot; space; philosophy.",Humanities | Linguistics | Philosophy | Plural,https://openalex.org/W2024279896,3.0,,OpenAlex,12
10.1080/13534640600624945,"Blanchot: Death, Language, Community and Politics",Allan Stoekl,,2006,2006-04-01,Parallax,,article,en,False,"What one thinks of community, and its genesis out of the interpersonal relation, will necessarily determine how one conceives of politics. In attempting to think Maurice Blanchot's positions, on la...",Computer science | Database | Epistemology | Interpersonal communication | Law | Linguistics | Philosophy | Political science | Politics | Relation (database) | Social science | Sociology,https://openalex.org/W2000139414,6.0,,OpenAlex,12
10.1353/book5222,"Ellipsis: Of Poetry and the Experience of Language after Heidegger, Holderlin, and Blanchot",William Allen,,2007,2007-01-01,State University of New York Press eBooks,State University of New York Press,book,en,False,"What is the nature of poetic language when its experience involves an encounter with finitude; with failure, loss, and absence? For Martin Heidegger this experience is central to any thinking that would seek to articulate the meaning of being, but for Friedrich Hölderlin and Maurice Blanchot it is a mark of the tragic and unanswerable demands of poetic language. In Ellipsis, a rigorous, original study on the language of poetry, the language of philosophy, and the limits of the word, William S. Allen offers the first in-depth examination of the development of Heidegger’s thinking of poetic language—which remains his most radical and yet most misunderstood work—that carefully balances it with the impossible demands of this experience of finitude, an experience of which Hölderlin and Blanchot have provided the most searching examinations. In bringing language up against its limits, Allen shows that poetic language not only exposes thinking to its abyssal grounds, but also indicates how the limits of our existence come themselves, traumatically, impossibly, to speak.",Art | Ellipsis (linguistics) | Epistemology | Linguistics | Literature | Meaning (existential) | Philosophy | Poetry,https://openalex.org/W604826431,31.0,,"Crossref, OpenAlex",12
10.1515/9780823269310,"Aesthetics of Negativity Blanchot, Adorno, and Autonomy",William Allen,,2016,2016-01-01,,Fordham University Press,book,en,False,"&lt;br/&gt;&lt;br/&gt; Maurice Blanchot and Theodor W. Adorno are among the most difficult but also the most profound thinkers in twentieth-century aesthetics. While their methods and perspectives differ widely, they share a concern with the negativity of the artwork conceived in terms of either its experience and possibility or its critical expression. Such negativity is neither nihilistic nor pessimistic but concerns the status of the artwork and its autonomy in relation to its context or its experience. For both Blanchot and Adorno negativity is the key to understanding the status of the artwork in post-Kantian aesthetics and, although it indicates how art expresses critical possibilities, albeit negatively, it also shows that art bears an irreducible ambiguity such that its meaning can always negate itself. This ambiguity takes on an added material significance when considered in relation to language as the negativity of the work becomes aesthetic in the further sense of being both sensible and experimental, and in doing so the language of the literary work becomes a form of thinking that enables materiality to be thought in its ambiguity.&lt;br/&gt;&lt;br/&gt;In a series of rich and compelling readings, William S. Allen shows how an original and rigorous mode of thinking arises within Blanchot’s early writings and how Adorno’s aesthetics depends on a relation between language and materiality that has been widely overlooked. Furthermore, by reconsidering the problem of the autonomous work of art in terms of literature, a central issue in modernist aesthetics is given a greater critical and material relevance as a mode of thinking that is abstract and concrete, rigorous and ambiguous. While examples of this kind of writing can be found in the works of Blanchot and Beckett, the demands that such texts place on readers only confirm the challenges and the possibilities that literary autonomy poses to thought.&lt;br/&gt;",Aesthetics | Ambiguity | Archaeology | Art | Autonomy | Computer science | Context (archaeology) | Database | Epistemology | History | Law | Linguistics | Materiality (auditing) | Meaning (existential) | Negativity effect | Pessimism | Philosophy | Political science | Psychology | Relation (database) | Social psychology | Work of art,https://openalex.org/W2620054396,11.0,"{'is-identical-to': [{'id-type': 'doi', 'id': '10.2307/j.ctt19x3jg5', 'asserted-by': 'subject'}]}","Crossref, OpenAlex",12
10.1215/01903659-1730626,"The Inorganic Community: Hypotheses on Literary Communism in Novalis, Benjamin, and Blanchot",Emmanuel Alloa,,2012,2012-08-01,boundary 2,Duke University Press,article,en,False,"If literary avant-garde journals and their communities have been, in the twentieth century, a space for creating, if not sustaining, major political utopias, it should help explain why this “literary communism,” as Jean-Luc Nancy called it, is not a weakened or substitutional form of politics. No myth without narration, no implementation without an instrumentation, no organic unity without a political organ voicing its claim, in short: no organicity without an organon. But can there be a (literary) community that does not aim at the achievement of its own assumed truth, a form of writing in common that does not serve to convey a meaning, but bears witness, in its very form, to the fragmentation of meaning? This essay examines three attempts of an affirmative answer to this question by reappraising three interrelated experimental cases: Jena around 1800 and the Athenaeum journal of the Early Romantics; Walter Benjamin’s journal projects, from the Angelus Novus to the prison camp journal at the end of his life; Maurice Blanchot and the failed trans-European project of what was arguably the most ambitious intellectual journal enterprise of the century, the Revue internationale in the early 1960s.",Aesthetics | Art | Art history | Communism | Epistemology | History | Law | Linguistics | Literature | Meaning (existential) | Narrative | Philosophy | Political science | Politics | Prison | Witness,https://openalex.org/W2056664302,15.0,,"Crossref, OpenAlex",12
10.4000/erea.556,“Figures trop réelles pour durer” : Blanchot avec James,Richard Anker,,2005,2005-01-01,E-rea,,article,fr,False,"Mais, alors, qu’en est-il de ces ouvrages modernes qui seraient leur propre commentaire et ne renvoient pas seulement à ce qu’ils sont, mais à d’autres livres ou mieux au mouvement anonyme, incessant et obsédant d’où viendraient tous les livres ? (Blanchot, EI 572) Mon propos, que je distrais d’un travail en cours, sera double. D’une part, je voudrais dégager de l’œuvre de Maurice Blanchot certaines traces de ce que j’appellerai, pour commencer du moins, sa “réception” de l’œuvre de Henry Jam...",Art | Humanities,https://openalex.org/W1982325132,2.0,,OpenAlex,12
10.5840/levinas2005111,The Blessings of a Friendship: Maurice Blanchot and Levinas Studies,Jeffrey L. Kosky | None None,,2005,,Levinas Studies,Philosophy Documentation Center,journal-article,,False,,,https://doi.org/10.5840/levinas2005111,0.0,,Crossref,12
10.5325/jspecphil.30.3.0292,The Fragments of the Disaster: Blanchot and Galeano on Decolonial Writing,Jasmine Wallace,,2016,2016-08-01,The Journal of Speculative Philosophy,The Pennsylvania State University Press,article,en,False,"ABSTRACT In his search for a community that does not rely upon the false unities of subjectivity or identity, Maurice Blanchot looks to literature and writing. To achieve the common in community, Blanchot argues for the development of unworking writing practices aimed at the silence anterior to language—a silence that constitutes authentic communication. Instead of abiding by the rules of grammar, Blanchot encourages writers to produce fragments. This fragmentation causes fissures in the structures of language, giving way to an original silence that has the potential to found our future communities absent principles of sovereignty. With a sensitivity to the ways that silence has been forced onto historically marginalized communities, I will explore Blanchot's theory of unworking toward silence. Recognizing that there are undesirable modes of silence that cohere and sustain communities, I will offer an element of nuance to Blanchot's strategy of fragmentary writing toward the silence anterior to language: the process of unworking in fragmentation, if it is to successfully avoid compounding forms of oppression, must first pass through silenced communities whose histories have been forcibly fragmented. The journey through oppressed communities requires that we reconstruct certain narratives before we fragment them.",Aesthetics | Art | Computer science | Epistemology | Fragmentation (computing) | Identity (music) | Law | Linguistics | Literature | Narrative | Operating system | Oppression | Philosophy | Political science | Politics | Silence | Sociology | Subjectivity,https://openalex.org/W2507792865,3.0,,"Crossref, OpenAlex",12
10.5040/9781501345272,Blanchot and the Outside of Literature,William Allen,,2019,2019-01-01,Bloomsbury Academic eBooks,Bloomsbury Academic,book,en,False,"Maurice Blanchot's writings have played a critical role in the development of 20th-century French thought, but the implicit tension in this role has rarely been addressed directly. Reading Blanchot involves understanding how literature can have an effect on philosophy, to the extent of putting philosophy itself in question by exposing a different and literary mode of thought. However, as this mode is to be found most substantially in the peculiar density of his fictional writings, rather than in his theoretical or critical works, the demand on readers to grasp its implications for thought is rendered more difficult. Blanchot and the Outside of Literature provides a detailed and far-reaching explication of how Blanchot's works changed in the postwar period during which he arrived at this complex and distinctive form of writing.",Aesthetics | Art | Computer science | Epistemology | Explication | GRASP | History | Linguistics | Literature | Mode (computer interface) | Operating system | Period (music) | Philosophy | Programming language | Reading (process),https://openalex.org/W2916622744,6.0,,"Crossref, OpenAlex",12
10.3366/para.2007.30.3.104,Blanchot in The International Review,Christopher Fynsk,,2007,2007-11-01,Paragraph,Edinburgh University Press,article,en,False,"This essay contains a consideration of Maurice Blanchot's contribution to the collective project that came to be known as The International Review. It focuses on Blanchot's insistence that the project be collective and international, and pursues Blanchot's effort to provide a thought of the fragmentary that will answer these imperatives. With special attention to the question of literature, the essay concludes with a consideration of Blanchot's own proposed contribution, his famous piece ‘Berlin’.",Epistemology | Philosophy | Sociology,https://openalex.org/W2032262882,1.0,,"Crossref, OpenAlex",12
10.4000/books.pupo.1098,Entre Blanchot et la philosophie,Alain Milon,,2010,2010-01-01,Presses universitaires de Paris Nanterre eBooks,Presses universitaires de Paris Nanterre,book-chapter,fr,False,"Blanchot et la philosophie : Qu’est-ce que cela veut dire ? On a coutume d’admettre que la première mission de la philosophie est de produire des concepts. Mais Blanchot en produit-il seulement ? D’ailleurs, ce questionnement sur Blanchot et la philosophie n’aurait pas lieu d’être si l’on disait : Platon, Spinoza ou Kant et la philosophie, autrement que pour sous-entendre leur place dans l’histoire de la philosophie. L’association du nom de Maurice Blanchot à la notion de philosophie a un aut...",Philosophy,https://openalex.org/W1889724881,1.0,,"Crossref, OpenAlex",12
10.30965/9783846760185,Blanchot und das Bild,Barbara Filser | Kristin Marek | Knut Ebeling | Yanik Avila | Arne Klawitter | Arthur Cools | Stefanie Heine | Nathalie Mälzer | Anna Häusler | Friederike Thielmann | Edith Futscher | Lena Christolova | Studio Dumas | Tracy Powell | Kristin Marek | Sahar Aharoni,,2019,2019-09-20,,,book,de,False,"In den Schriften Maurice Blanchots, der maßgebliche französische Philosophen unserer Zeit geprägt hat, finden sich auch zahlreiche bildtheoretische Überlegungen. Der Band versammelt Beiträge, die seinem Denken des Bildes nachgehen und es für Analysen fruchtbar machen.„Anwesende Abwesenheit“, „enthüllender Schleier“, „Ähnlichkeit, die nichts gleicht“ … – so lauten einige der Beschreibungen des Bildlichen bei Maurice Blanchot. Ihre Verschränkung von begrifflichen Gegensätzen lässt sie ebenso rätselhaft wie faszinierend erscheinen. Diesen überraschenden Wendungen, den Metaphern und Modellen für Bild und Bildlichkeit, die sich in den theoretischen Schriften und den Romanen des französischen Literaten und Literaturkritikers aufspüren lassen, widmet sich dieser Band.",Art | Humanities | Philosophy,https://openalex.org/W3094701173,1.0,,OpenAlex,12
10.1215/00104124-3462621,The Intimate Blanchot,Joseph D. Kuzma,,2016,2016-03-01,Comparative Literature,Duke University Press,article,en,False,"In this article I explore the status of intimate relationality in Maurice Blanchot's fictional writings and critical essays of the 1940s and 1950s. Focusing primarily on his 1951 text When the Time Comes, I show that intimacy in Blanchot's writings is an impersonal covenant established at the extreme limit of separation. Rather than thinking of intimacy and distance in a traditional manner, as fundamentally at odds with one another, Blanchot insists that the most profound intimacy occurs only when separation has been experienced, and affirmed, in its most radical form.",Computer science | Covenant | Epistemology | Limit (mathematics) | Logistic regression | Machine learning | Mathematical analysis | Mathematics | Odds | Philosophy | Psychoanalysis | Psychology | Sociology | Theology,https://openalex.org/W2305234268,1.0,,"Crossref, OpenAlex",12
10.1215/00267929-2827560,"The Impossible Experience of Words: Blanchot, Beckett, and the Materiality of Language",Gerald L. Bruns,,2015,2015-01-30,Modern Language Quarterly,Duke University Press,article,en,False,"This essay attempts to situate Samuel Beckett’s fiction in the Parisian intellectual and literary milieu of Maurice Blanchot, particularly with respect to the experience of the materiality of language and the double bind of writing in which—as Blanchot wrote in Faux pas (1943)—“the writer finds himself in the increasingly ludicrous condition of having nothing to write, of having no means with which to write it, and of being constrained by the utter necessity of always writing it.” One way of coping with this impasse was to take recourse to the fragment, in which words are not composed but juxtaposed, as in Blanchot’s L’attente, l’oubli (1962) and Beckett’s Worstward Ho (1983).",Aesthetics | Art | Epistemology | Linguistics | Literature | Materiality (auditing) | Nothing | Philosophy | Reflexive pronoun,https://openalex.org/W2326303904,6.0,,"Crossref, OpenAlex",12
10.3366/para.2022.0394,"B Effects: Bonds of Form and Time in Barthes, Blanchot and Beckett",Laurent Milesi,,2022,2022-07-01,Paragraph,Edinburgh University Press,article,en,False,"Starting from Nicholas Zurbrugg’s dismissal of the negative ‘B-Effect’ in postmodernism, which he associates with ‘Benjamin, Brecht, Beckett, Barthes, Baudrillard, and Bourdieu’, this essay examines the common rationale behind convergent affirmations of a neutrality or minimalism, often mistaken for nihilism, at key junctures in the works of Samuel Beckett and Roland Barthes, adding Maurice Blanchot as a critical link. The argument unfolds along a double axis: it first considers the formal role of ‘chatter’ or ‘idle speech’ and the fragment(ary in writing) in the three ‘B-writers’ before relating them to different constructions of temporality, such as the ‘future anterior’ and the après-coup, in their thematizations of ‘catastrophe’ and ‘disaster’ as indirect responses to personal or historical trauma and death. A brief concluding paragraph highlights how time’s suspensiveness leads to different forms of waiting across Barthes, Blanchot and Beckett.",Argument (complex analysis) | Art | Biochemistry | Chemistry | Epistemology | Literature | Mathematics | Minimalism (technical communication) | Neutrality | Nothing | Philosophy | Postmodernism | Psychoanalysis | Psychology | Statistics | Temporality,https://openalex.org/W4284696626,3.0,,"Crossref, OpenAlex",12
10.1163/18757405-019001009,IMAGES MUST TRAVEL FURTHER: Bataille and Blanchot Read Beckett,Paul Sheehan,,2008,2008-08-01,Samuel Beckett Today / Aujourd’hui,,article,en,False,"Perhaps the most prescient of Beckett's early critics were the French writers Georges Bataille and Maurice Blanchot in their analyses of (respectively) and . In this paper I argue that the essence of the intellectual friendship that the two critics shared – one of the great tacit 'partnerships' of the last century, which has yet to be fully unravelled – can be discerned through their writings on Beckett. His novels are thus treated as a kind of 'border' across which their own ideas continue to emerge and evolve, which in turn has implications for the development of French theory.",Aesthetics | Art | Friendship | Literature | Philosophy | Social science | Sociology,https://openalex.org/W2341350275,2.0,,OpenAlex,12
10.1080/1369801042000238346,The mobility of thought: Reflections on Blanchot and Benjamin,Jessica Dubow,,2004,2004-06-01,Interventions,,article,en,False,"The figure of the secularized Jew speaks of the migrant’s tale, the exile’s story, as it confirms the fragile calculations of a modern consciousness. Separated from the ‘true life’ of the nation-state and caught up in a wider itinerary of unstable movement,Judaic theologyoffers a perspective denied by the Western philosophic tradition: namely, of identity cast outside the sedentary, of travel structured not by nostosbut byan originary condition of the open and incomplete.This essay considers the relation between spatial displacement and the dynamics of critical thought. It asks: how may life ‘beyond the city walls’ be seenless as the historical or sociological ‘fate’ of Judaic thought,than as the enabling presupposition of its critique? What is specificabout a Judaic traditionthat illuminatesthe shared ontology of geography, philosophy, and the mobile subject? In exploring these questions this essay stages a dialogue betweenMaurice Blanchot and Walter Benjamin. Looking specifically at Blanchot’s interpretation of an exilic desertand at Benjamin’sconception ofthe modern city,I argue that both recallcertain key themes in a Judaic theology which not only contest the spatial and temporal imperatives of Empire but which refer, more generally, to structures of critical thought itself.",Aesthetics | Algorithm | CONTEST | Computer science | Consciousness | Database | Epistemology | Identity (music) | Interpretation (philosophy) | Library science | Linguistics | Ontology | Philosophy | Presupposition | Relation (database) | Religious studies | Secularization | Sociology | State (computer science) | Subject (documents) | Theology,https://openalex.org/W1964713455,9.0,,OpenAlex,12
10.1080/14735784.2010.496594,Naming the Nothing: Nancy and Blanchot on Community,Ian James,,2010,2010-07-01,"Culture, theory and critique/Culture, theory & critique",,article,en,False,"Abstract This article examines the exchange between Jean‐Luc Nancy and Maurice Blanchot around the question of community. It argues that Nancy from the early 1980s onwards offers an understanding of community as an exposure to, or of, a nothing or empty space. This nothing or empty space can be understood as the space left vacant by the withdrawal of any transcendent principle which would underpin or guarantee various forms of political organization or historical becoming. Whether it be the absence of any divine principle which would legitimate monarchical or imperial authority, or the absence of any essence or goal for the human in history (e.g. the bonds of national community or communism), the ‘nothing’ of community is exposed in the wake of the withdrawal or retreat of political transcendence. Blanchot’s response to Nancy’s essay ‘La Communauté désœuvrée’, entitled La Communauté inavouable is critical of Nancy’s thinking on this subject but, this article argues, he is critical only insofar as he shares with Nancy the problem of thinking, naming, or exposing the ‘nothing’ of community. The difference of these two key French thinkers about this question reminds us that ethical and political stakes of thinking community in the absence of metaphysical ground are always a matter of thinking community as absence. It also remind us that this thinking of community occurs in the experience of the ‘community of writing.’",Communism | Computer science | Environmental ethics | Epistemology | Law | Library science | Linguistics | Metaphysics | Nothing | Philosophy | Political science | Politics | Sociology | Space (punctuation) | Subject (documents) | Transcendence (philosophy),https://openalex.org/W2012747107,14.0,,OpenAlex,12
10.5040/9798881811662,"Nancy, Blanchot",Leslie Hill,,2018,2018-01-01,Rowman & Littlefield International eBooks,,book,en,False,"<JATS1:p>The concept of community is one of the most frequently used and abused of recent philosophical or socio-political concepts. In the 1980s, faced with the imminent collapse of communism and the unchecked supremacy of free-market capitalism, the philosopher Jean-Luc Nancy (in The Inoperative Community) and the writer Maurice Blanchot (in The Unavowable Community) both thought it essential to rethink the fundamental basis of “community” as such. More recently, Nancy has renewed the debate by unexpectedly attacking Blanchot’s account of community, claiming that it embodies a dangerously nostalgic desire for mythic and religious communion.</JATS1:p> <JATS1:p>This book examines the history and implications of this controversy. It analyses in forensic detail Nancy’s and Blanchot’s contrasting interpretations of German Romanticism, and the work of Heidegger, Bataille, and Marguerite Duras, and examines closely their divergent approaches to the contradictory legacy of Christianity. At a time when politics are increasingly inseparable from a deep-seated sense of crisis, it provides an incisive account of what, in the concept of community, is thought yet crucially still remains unthought.</JATS1:p>",Philosophy,https://openalex.org/W4410663777,11.0,,OpenAlex,12
10.5007/2176-8552.2015n18p139,Blanchot e o canto das sereias: uma alegoria da literatura,Angelo de Oliveira,,2014,2014-06-17,Outra Travessia,,article,pt,False,"Estre trabalho realiza uma análise da literatura a partir da alegoria que Maurice Blanchot utiliza em seu O livro por vir: o canto das sereias. Em sua alegoria, o teórico retoma o episódio de Homero em que Ulisses ouve o canto dos seres sobrenaturais e sobrevive. Todo escritor, para Blanchot, repetiria o feito do personagem homérico, uma vez que, no ato de criação, ele seria movido por uma força que não compreende, uma força que move a literatura. Essa força recebe a denominação, dentre outras, de fala errante. Segundo Blanchot, essa fala duelaria com a razão e as normas que o escritor conhece. Desse embate nasce a literatura, como fruto de uma região fronteiriça, como algo que está sempre aquém e apontando sempre para além. Nesta alegoria, Blanchot reúne grande parte do pensamento que desenvolveria mais tarde em outras de suas obras, que também servem de base teórica a este escrito, tais como O espaço literário e A conversa infinita. Também é utilizado o famoso ensaio anterior a O livro por vir, “A literatura e o direito à morte”. Outros estudiosos são utilizados para reforçar o pensamento blanchotiano, tais como Barthes (2004, 2007) e Heidegger (s.d., 2008).",Art | Canto | Humanities | Literature | Philosophy,https://openalex.org/W2278356320,19.0,,OpenAlex,12
10.3366/drt.2024.0349,Gifts for No One or Anyone: Maurice Blanchot and Jacques Derrida on <i>Personne</i>,Michael Portal,,2024,,Derrida Today,Edinburgh University Press,journal-article,en,False,,,https://doi.org/10.3366/drt.2024.0349,0.0,,Crossref,12
10.1080/1479758032000135933,"The impossibility of loving: blanchot, community, sexual difference",Lars Iyer,,2003,2003-07-01,Journal for Cultural Research,,article,en,False,"This paper aims to clarify Blanchot's notion of community and his practice of communism through, first, an account of his involvement in the Events of May 1968 and, second, an exploration of The Unavowable Community, in which Blanchot reads a short novel by Marguerite Duras, which recounts the tropisms of a brief relationship between a young woman and a homosexual man. As I show, Blanchot's affirmation of what he calls “the impossibility of loving”, which emerges from his reading of Duras, is linked to what he calls “worklessness [désoeuvrement]”; that is, the active process of loosening or undoing that contests any attempt to establish a community around a shared essence. I will claim that it is by attending to the relationship to worklessness that one might attend to what Blanchot calls the “spaces of freedom” that open around us: to those happenings which are not enclosed by prevailing determinations of the social space. A further aim of this paper is to address the concerns of Jacques Derrida, for whom Blanchot's writings on community betray what he calls in Politics of Friendship a “schematic of filiation”, in which the relation to the brother is the privileged model for the relation to the Other. I also provide an account of Blanchot's negotiation of Levinas's account of the relationship between ethics and eros as it is presented in Totality and Infinity.",Computer science | Database | Epistemology | Friendship | Impossibility | Law | Linguistics | Negotiation | Philosophy | Political science | Politics | Psychoanalysis | Psychology | Reading (process) | Relation (database) | Social science | Sociology | Surrender | Undoing,https://openalex.org/W2027701993,4.0,,OpenAlex,11
10.5040/9781472542991,Blanchot and Literary Criticism,,,2011,2011-01-01,Continuum eBooks,,book,en,False,"Blanchot's writings on literature have imposed themselves in the canon of modern literary theory and yet have remained a mysterious presence. This is in part due to their almost hypnotic literary style, in part due to their distinctive amalgam of a number of philosophical sources (Hegel, Heidegger, Levinas, Bataille), which, although hardly unknown in the Anglophone philosophical world, have not yet made themselves fully at home in literary theory. This book aims to make visible the coherence of Blanchot's critical project. To recognize the challenge that Blanchot represents for literary criticism, one has to see that he always has in view the self-interrogation that characterizes modern literature, both in its theory and its practice. Blanchot's essays study the forms and the paths of this research, its solutions and its impasses; and increasingly, they sketch out the philosophical and historical horizon within which its significance appears. The effect is to revise",Art | Criticism | Epistemology | Hegelianism | Literary criticism | Literary science | Literary theory | Literature | Philosophy | Style (visual arts),https://openalex.org/W577850076,6.0,,OpenAlex,11
10.4000/books.pupo.929,Viens – Me voici. Derrida entre Blanchot et Levinas,Michel Lisse,,2008,,"Emmanuel Lévinas-Maurice Blanchot, penser la différence",Presses universitaires de Paris Nanterre,book-chapter,fr,False,,,https://doi.org/10.4000/books.pupo.929,0.0,,Crossref,11
10.3366/para.2007.30.3.141,"‘Not In Our Name’: Blanchot, Politics, the Neuter",Leslie Hill,,2007,2007-11-01,Paragraph,Edinburgh University Press,article,en,False,"Readers of Blanchot have long been aware of the importance of politics in the writer's intellectual itinerary. But though the history of Blanchot's political involvements is now quite well documented (albeit frequently misrepresented to polemical ends), much remains to be understood about Blanchot's conception of the political. Prompted in part by his support for the ‘Not In Our Name’ appeal, which was to be one of Blanchot's last political gestures, this essay fragment, which is part of a longer inquiry, reconstructs the writer's thinking on the question of the subject of politics and the closely related issue of the relationship between law and violence. It examines Blanchot's response to Hölderlin's translation of a famous fragment from Pindar entitled ‘Das Höchste’ (‘The Most High’) and places Blanchot's writing within the wider context of the political thought of Benjamin, Schmitt, Agamben, and Derrida.",Appeal | Archaeology | Art | Computer science | Context (archaeology) | Fragment (logic) | History | Law | Library science | Literature | Philosophy | Political science | Politics | Programming language | Subject (documents),https://openalex.org/W2101988054,4.0,,"Crossref, OpenAlex",11
10.1080/0969725x.2013.834668,"THE ETHICS OF COMMUNITY<i>nancy, blanchot, esposito</i>",Kristin Lené Hole,,2013,2013-09-01,Angelaki,,article,en,False,"AbstractThis paper analyzes the varying conceptions of ethics underpinning the accounts of community in Blanchot, Nancy, and Esposito. A focus on ethics brings into relief points of divergence amongst accounts of community that otherwise overlap and share in many significant ways. Furthermore, it provides a basis to better assess Esposito's contribution. I focus on the concepts of difference and transcendence and the figure of the lovers, a shared topos in Nancy and Blanchot, to demonstrate these subtle variations. In turning to Esposito, Kantian-inflected notions of duty, obligation, and law shape a community where others recede into the background and the lovers lose their visibility. I suggest that Esposito's focus on duty has consequences that give cause for further reflection. The law renders each of us other, but in its universality it risks losing a sense of the exceptional. Relying etymologically on the notion of duty as that which, following his reading of Kant, undermines the subject and renders possible the impossible community, grounds the Communitas in a law that risks congealing the meaning of community around this impossible obligation.KeywordsBlanchotcommunityEspositoethicsNancy NotesI am indebted to Greg Bird, Jonathan Short, Anne O'Byrne, Dijana Jelaca, and David J. Madden for their insightful comments on earlier drafts of this paper.1 Although Esposito himself does not conceive of his work as political philosophy, it is undoubtedly a philosophy that is deeply engaged with how the political is thought, be it in terms of an affirmative biopolitics or his concept of the impolitical as a response to militant politics in practice and theory. See, for example, Esposito, “Totalitarianism or Biopolitics?”2 For examples of this tendency see Barkan; Bosteels; Campbell, “Bios, Immunity, Life” and “‘Enough of a Self’”; Campbell and Luisetti; Deutscher; Levinson; Minervini; Neyrat; Oliva. Note that the lack of historical engagement with the idea of community is a fault that Bernasconi finds with Nancy's writing on community, namely that it doesn't offer an “historical account of the metaphysical conception of the community that would necessarily underlie any such deconstruction” (15). Esposito's text can be credited with attempting to provide such an historical account.3 See, for example, Elliott; Norris. See James, The Fragmentary Demand for a nuanced discussion of the relationship between philosophy and the political in Nancy.4 See again both Elliott and Norris for very recent examples of this tendency.5 See Gaon who also works in this direction.6 For other accounts of ethics in Blanchot and Nancy's writing on community see Bernasconi; Gaon. See Ingram for further comparison.7 See Bird on how Blanchot and Nancy variously approach the problem of immanentism.8 See Duras.9 See Levinas, Totality and Infinity.10 See, for example, Blanchot's The Instant of my Death; The Space of Literature; The Writing of the Disaster.11 On the Saying/Said see also Levinas, “Language and Proximity.”12 See also O'Byrne, “The Politics of Intrusion” and Natality and Finitude on Nancy and the body, intrusion, and natality.13 Although Nancy states in a footnote that this is an allusion to Lacan, the comment applies equally to Levinas in the context of his argument. See Raffoul on Nancy's critique of the Other in Lacan and Levinas.14 Nancy's concept of “transimmanence” addresses this problematic between transcendence and immanence.15 See Nancy, The Sense of the World and “The Insufficiency of ‘Values’ and the Necessity of ‘Sense.’” See also O'Byrne, Natality and Finitude.16 See also James, “On Interrupted Myth.”17 Compear is Nancy's term for the sharing present at the origin of each person. Rather than appearing, we co-appear or compear; the origin is always multiple. See also “La Comparution/The Compearance.”18 See “Touching” in The Sense of the World.19 See Bosteels; Esposito, “Totalitarianism or Biopolitics?”20 The most relevant texts here are Kant's Critique of Pure Reason; Religion within the Boundaries of Mere Reason; and Groundwork of the Metaphysics of Morals.21 See Bird, this issue, for a discussion of condivisione in Esposito's writing.22 See also O'Byrne, this issue. The lack of a sustained engagement with sexual difference in Communitas is closely linked to the disappearance of the lovers.23 See Esposito, “For a Philosophy of the Impersonal.”",Aesthetics | Communitas | Duty | Epistemology | Law | Liminality | Obligation | Philosophy | Political science | Politics | Sociology | Theology,https://openalex.org/W1985368613,7.0,,OpenAlex,11
10.1515/9781438469621-007,"4 On a Constellation (Levinas, Derrida, Blanchot, Readers of Celan)",,,2018,,The Vocation of Writing,SUNY Press,book-chapter,,False,,,https://doi.org/10.1515/9781438469621-007,0.0,,Crossref,11
10.3366/drt.2012.0031,"<i>L'Arrêt de mort</i>, Insomnia, Dreaming, Sleep: Derrida, Blanchot, Levinas",Simon Morgan Wortham,,2012,,Derrida Today,Edinburgh University Press,journal-article,en,False,,,https://doi.org/10.3366/drt.2012.0031,0.0,,Crossref,11
,Maurice Blanchot et la philosophie,Éric Hoppenot | Alain Milon,,2010,,,,OUV,,,,,,,,HAL,10
,Maurice Blanchot entre roman et récit,Éric Hoppenot | Alain Milon,,2013,,,,OUV,,,,,,,,HAL,10
,Défi de lecture : Thomas l'Obscur de Maurice Blanchot,Anca Călin | Alain Milon,,2017,,,,OUV,,,,,,,,HAL,10
,Leadership : the madness of the day by Maurice Blanchot,Hugo Letiche | Jean-Luc Moriceau,,2013,,,,COUV,,,,,,,,HAL,10
,یادداشت روزانه و داستان Maurice Blanchot: Le journal intime et le récit,شفیقه کیوان | Shafigheh Keivan,,2017,,,,TRAD,,,,,,,,HAL,10
,"L’inconditionnel et l’écriture du neutre, Edmond Jabès et Maurice Blanchot",Eric Bonnet,,2015,,,,COUV,,,,,,,,HAL,10
,La leçon du silence : littérature et relation sociale chez Maurice Blanchot,Luis Felipe Alarcón,,2019,,,,THESE,,,,,,,,HAL,10
,Cahier de l'Herne Maurice Blanchot,Jérôme de Gramont,,2015,,Nunc,,ART,,,,,,,,HAL,10
10.1515/9781399515498,Art and Technology in Maurice Blanchot,Holly Langstaff,,2023,,,Edinburgh University Press,edited-book,,False,,,https://doi.org/10.1515/9781399515498,0.0,,Crossref,10
10.1515/9781400825967.187,5. Maurice Blanchot: The Use and Abuse of Silence,,,2009,,The Seduction of Unreason,Princeton University Press,book-chapter,,False,,,https://doi.org/10.1515/9781400825967.187,0.0,,Crossref,10
10.1515/9781438474014-006,Chapter 3 Maurice Blanchot,,,2019,,The Little Crystalline Seed,SUNY Press,book-chapter,,False,,,https://doi.org/10.1515/9781438474014-006,0.0,,Crossref,10
10.1515/9781474497527-006,"4 The Unbearable Lightness of Being: Chiasmus, Embodiment, and Interpretation in Maurice Blanchot",,,2022,,Formal Matters,Edinburgh University Press,book-chapter,,False,,,https://doi.org/10.1515/9781474497527-006,0.0,,Crossref,10
10.14746/pspsl.2017.30.19,Eseiści kondycji żydowskiej – po Zagładzie: Maurice Blanchot i Bogdan Dawid Wojdowski,Katarzyna Kuczyńska-Koschany,,2017,,Poznańskie Studia Polonistyczne. Seria Literacka,Adam Mickiewicz University Poznan,journal-article,,False,,,https://doi.org/10.14746/pspsl.2017.30.19,1.0,,Crossref,10
10.11606/issn.1984-1124.v0ispep9-11,Diálogos entre Roland Barthes e Maurice Blanchot:  o grau zero da escrita em um livro por vir,Silvia Muramoto Hoshino,,2015,,Revista Criação &amp; Crítica,"Universidade de Sao Paulo, Agencia USP de Gestao da Informacao Academica (AGUIA)",journal-article,,False,,,https://doi.org/10.11606/issn.1984-1124.v0ispep9-11,0.0,,Crossref,10
10.11606/issn.2316-3976.v3i6p111-125,"""LE DERNIER MOT"", DE MAURICE BLANCHOT, OU A TORRE DE BABEL",Davi Andrade Pimentel,,2015,,Non Plus,"Universidade de Sao Paulo, Agencia USP de Gestao da Informacao Academica (AGUIA)",journal-article,,False,,,https://doi.org/10.11606/issn.2316-3976.v3i6p111-125,0.0,,Crossref,10
,Maurice Blanchot et son écriture,Ken Sumiyoshi,,2019,,,,THESE,,,,,,,,HAL,10
,Sur les Chroniques littéraires de Maurice Blanchot éditées par Christophe Bident,Takeshi Matsumura,,2022,,Glaliceur,,OTHER,,,,,,,,HAL,10
,"Maurice Blanchot, déserter le mythe",Claire Nioche-sibony,,2013,,Topique : La psychanalyse aujourd'hui [Revue freudienne],,ART,,,,,,,,HAL,10
,Écrire au nom de l'autre : à partir de Maurice Blanchot et Philippe Jaccottet,Thibault Comte,,2021,,,,THESE,,,,,,,,HAL,10
,Comment taire le commentaire : autour de Maurice Blanchot,Alain Milon,,2019,,,,COUV,,,,,,,,HAL,10
,Maurice Blanchot e a literatura em desastre,Christophe Bident | Paula Glenadel,,2020,,Gragoatá,,ISSUE,,,,,,,,HAL,10
,Les Figures de la mort et la création littéraire chez Maurice Blanchot,Tzu-Chun King,,2024,,,,THESE,,,,,,,,HAL,10
,Maurice Blanchot. La communauté d'expérience de l'écriture et du judaïsme,Jérôme de Gramont,,2021,,,,COUV,,,,,,,,HAL,10
,Le dérobement de la loi : littérature et liberté chez Maurice Blanchot,Amanda Olivares Valencia,,2024,,,,THESE,,,,,,,,HAL,10
10.1515/9780823281787-069,"books by maurice blanchot, with translations into english",,,2020,,Maurice Blanchot,Fordham University Press,book-chapter,,False,,,https://doi.org/10.1515/9780823281787-069,0.0,"{'is-identical-to': [{'id-type': 'doi', 'id': '10.2307/j.ctv8d5tnj.71', 'asserted-by': 'subject'}]}",Crossref,10
10.1080/00071773.1999.11008546,Maurice Blanchot and the Question of Literature,William Large,,1999,1999-01-01,Journal of the British Society for Phenomenology,,article,en,False,"Dans le cadre du trentieme anniversaire de la Societe anglaise de phenomenologie celebre les 11-13 avril 1997 a Oxford dans le cadre d'un colloque consacre au theme du renouveau de la phenomenologie, l'A. presente quelques resultats de sa lecture de Blanchot qui contribuent a la comprehension de la reponse que celui-ci apporte a la question de la litterature. Examinant le theme de la phenomenologie et de l'ontologie du langage, et brossant le portrait de Blanchot a travers les commentaires de Mallarme sur la poesie, l'A. montre que la phenomenologie de Blanchot est la description de la litterature comme experience du don du langage qui resiste a nos tentatives de substitution de la region du sens",Epistemology | Philosophy,https://openalex.org/W1989371123,1.0,,OpenAlex,10
,L’expérience surréaliste de Maurice Blanchot,Christophe Bident,,2022,,,,COUV,,,,,,,,HAL,10
10.1515/9780823254231-007,5. In Lieu of a Last Word: Maurice Blanchot and the Future of Memory (Today),,,2020,,Committing the Future to Memory,Fordham University Press,book-chapter,,False,,,https://doi.org/10.1515/9780823254231-007,0.0,"{'is-identical-to': [{'id-type': 'doi', 'id': '10.2307/j.ctt13x07vw.9', 'asserted-by': 'subject'}]}",Crossref,10
10.1515/9780748672554-023,Georges Bataille (1897-1962) and Maurice Blanchot (1907-),R. Brandon Kershner,,2022,,Edinburgh Encyclopaedia of Modern Criticism and Theory,Edinburgh University Press,book-chapter,,False,,,https://doi.org/10.1515/9780748672554-023,0.0,,Crossref,10
10.1515/9780748626793-023,22. Georges Bataille (1897-1962) and Maurice Blanchot (1907-),Arkady Plotnitsky,,2006,,Modern European Criticism and Theory,Edinburgh University Press,book-chapter,,False,,,https://doi.org/10.1515/9780748626793-023,0.0,,Crossref,10
10.1515/9780804782838-006,4. The Absent Author: Maurice Blanchot and the Subjection of Politics,,,2020,,The Aesthetics of Hate,Stanford University Press,book-chapter,,False,,,https://doi.org/10.1515/9780804782838-006,0.0,,Crossref,10
10.1515/9780791491102-003,Immemorial Silence: Maurice Blanchot,,,2001,,Immemorial Silence,SUNY Press,book-chapter,,False,,,https://doi.org/10.1515/9780791491102-003,0.0,"{'is-identical-to': [{'id-type': 'doi', 'id': '10.2307/jj.18253128.5', 'asserted-by': 'object'}]}",Crossref,10
10.1501/dtcfder_0000001288,Maurice Blanchot düsüncesi’nde sessizliği yazıya çekmek,CANAR Burcu,,2012,,Ankara Üniversitesi Dil ve Tarih-Coğrafya Fakültesi Dergisi,Ankara University -  Faculty of Language and History-Geography,journal-article,tr,False,,,https://doi.org/10.1501/dtcfder_0000001288,0.0,,Crossref,10
10.1515/9780691192109-011,5. Maurice Blanchot: The Use and Abuse of Silence,,,2019,,The Seduction of Unreason,Princeton University Press,book-chapter,,False,,,https://doi.org/10.1515/9780691192109-011,0.0,,Crossref,10
10.14375/np.9782385192372,La question juive de Maurice Blanchot,Gisèle Berkman,,2023,2023-02-17,Le Bord de l'eau eBooks,,book,fr,False,"La thèse de cet essai est que Blanchot vient à la littérature par la reconnaissance de l?étranger, et que la littérature devient progressivement, pour lui, synonyme de cette altérité fondatrice dont la judaïté constitue le site",Art | Philosophy,https://openalex.org/W4388875063,2.0,,OpenAlex,10
,L'Être et le neutre. A partir de Maurice Blanchot,Jérôme de Gramont,,2002,,Philosophie,,ART,,,,,,,,HAL,10
,"À plusieurs titres : compte-rendu du livre : Maurice Blanchot, Thomas le solitaire, éd. Leslie Hill et Philippe Lynes, Paris, Kimé, coll. « Corpus Blanchot », 2022, 282 p., EAN 9782380720716",Christophe Bident,,2023,,,,BLOG,,,,,,,,HAL,10
,Maurice Blanchot. « La littérature encore une fois »,Bident Christophe | Jonathan Degenève | Leslie Hill | Jérémie Majorel | Sylvain Santi | Parham Shahrjerdi | Daniel Wilhem,,2017,,,,OUV,,,,,,,,HAL,10
,Paroles d’attente – Les modalités du fragmentaire dans L’Attente l’oubli de Maurice Blanchot,Anna Balint,,2012,,Loxias,,ART,,,,,,,,HAL,10
,Désigner l'impensable : Simone Weil et Maurice Blanchot,Laurent Mattiussi,,2007,,,,COUV,,,,,,,,HAL,10
10.18352/relief.916,Maurice Blanchot: Avant-garde icon or obscure authoritarian? How thirty years of controversy have stifled debate,Adrian May,,2015,,RELIEF - Revue électronique de littérature française,Radboud University,journal-article,,False,,,https://doi.org/10.18352/relief.916,1.0,,Crossref,10
10.18778/2392-0718.10.07,"Je devenais une goutte d’eau, une tache d’encre. Sulla narrativa di Maurice Blanchot",Giuseppe Crivella,,2022,,e-Scripta Romanica,Uniwersytet Lodzki (University of Lodz),journal-article,,False,,,https://doi.org/10.18778/2392-0718.10.07,0.0,,Crossref,10
10.18824/ellf.104.07,Significations de l'angoisse dans les textes de Maurice Blanchot autour des romans L'Arrêt de mort et Le dernier homme,Ji-hyoung SEO,,2015,,Études de Langue et Littérature Françaises,The French Language and Literature Association of Korea,journal-article,,False,,,https://doi.org/10.18824/ellf.104.07,0.0,,Crossref,10
10.18824/ellf.116.01,"""‘L’indicible’ et ‘le recit’ - autour de L’Arre?t de mort de Maurice Blanchot""",Jaejung KOH,,2018,,Études de Langue et Littérature Françaises,The French Language and Literature Association of Korea,journal-article,,False,,,https://doi.org/10.18824/ellf.116.01,0.0,,Crossref,10
10.21825/deuilvanminerva.84695,TWEE RÉCITS VAN MAURICE BLANCHOT,Lieven De Maeyer,,2022,,De Uil van Minerva,Ghent University,journal-article,,False,,,https://doi.org/10.21825/deuilvanminerva.84695,0.0,,Crossref,10
10.19079/pr.5.47,"C. Bident, Maurice Blanchot",Tyler Correia,,2019,,Phenomenological Reviews,sdvig press,journal-article,,False,,,https://doi.org/10.19079/pr.5.47,0.0,,Crossref,10
10.21992/t9hs64,Translation and Response between Maurice Blanchot and Lydia Davis,Jonathan Evans,,2013,,TranscUlturAl: A Journal of Translation and Cultural Studies,University of Alberta Libraries,journal-article,,False,,,https://doi.org/10.21992/t9hs64,0.0,,Crossref,10
10.5860/choice.42-4532,The dark gaze: Maurice Blanchot and the sacred,,,2005,2005-04-01,Choice Reviews Online,,article,en,False,,Art | Gaze | Philosophy | Psychoanalysis | Psychology,https://openalex.org/W3016785125,86.0,,OpenAlex,10
10.7591/9781501731648-009,6. Maurice Blanchot: The Writing of Disaster,,,2019,,Generation Existential,Cornell University Press,book-chapter,,False,,,https://doi.org/10.7591/9781501731648-009,0.0,,Crossref,10
10.59236/ijea4n2,The Aestheticization of Research in the Thought of Maurice Blanchot,Gary Peters,,2003,,International Journal of Education and the Arts,Penn State University Libraries,journal-article,,False,,,https://doi.org/10.59236/ijea4n2,0.0,,Crossref,10
10.7312/ghos18738-011,11. The Intoxicated Conversation: Maurice Blanchot and the Poetics of Critical Masks,Daniel Rosenberg Nutters | Daniel T. O’Hara,,2018,,Philosophy and Poetry,Columbia University Press,book-chapter,,False,,,https://doi.org/10.7312/ghos18738-011,0.0,,Crossref,10
10.7591/9781501729607-006,5. The Radiant Suspensions of Julien Gracq and Maurice Blanchot,,,2019,,Is There Truth in Art?,Cornell University Press,book-chapter,,False,,,https://doi.org/10.7591/9781501729607-006,0.0,,Crossref,10
10.7761/9786068266633,Les deux morts de Maurice Blanchot: Une phénoménologie,Etienne Pinat,,2014,2014-01-01,Zeta Books,,book,fr,False,,Philosophy,https://openalex.org/W322958565,4.0,,OpenAlex,10
10.7591/9781501738869-007,"6. Resisting, Responding: Maurice Blanchot and the Promise of Writing",,,2020,,Beyond Symbolism,Cornell University Press,book-chapter,,False,,,https://doi.org/10.7591/9781501738869-007,0.0,,Crossref,10
,Pensée de l’image et théorie de la représentation chez Maurice Blanchot : à partir de L’Espace Littéraire,Alice Delmotte-Halter,,2012,,La Revue des ressources.org,,ART,,,,,,,,HAL,10
,Cahiers Maurice Blanchot,Jérémie Majorel | Christophe Bident | Parham Shahrjerdi,,2014,2014-01-01,HAL (Le Centre pour la Communication Scientifique Directe),,preprint,fr,,International audience,Philosophy,https://openalex.org/W3212571577,4.0,,OpenAlex,10
,"Actes des journées d’études Antonin Artaud, Samuel Beckett, Maurice Blanchot",Sarah Clément,,2012,,,,OUV,,,,,,,,HAL,10
,"Maurice Blanchot. ""La littérature encore une fois"". Colloque de Genève",Jonathan Degenève,,2017,,,,PROCEEDINGS,,,,,,,,HAL,10
10.1353/prg.2007.0034,"Maurice Blanchot, 1907–2003",Jean-Luc. Nancy | Leslie Hill,,2007,,Paragraph,Edinburgh University Press,journal-article,en,False,,,https://doi.org/10.1353/prg.2007.0034,0.0,,Crossref,10
10.14321/crnewcentrevi.15.3.0201,The Force and the Weakness of the Law: Grace and Disgrace in the Writing of Maurice Blanchot,Aïcha Liviana Messina,,2015,,CR: The New Centennial Review,Michigan State University Press,journal-article,en,False,,,https://doi.org/10.14321/crnewcentrevi.15.3.0201,0.0,,Crossref,10
10.14361/9783839411605-009,Maurice Blanchot: Unterbrechung der Politik,Martin Saar,,2010,,Sozialtheorie,transcript Verlag,book-chapter,de,False,,,https://doi.org/10.14361/9783839411605-009,0.0,,Crossref,10
10.14361/9783839406984-003,Berührung- Entblößung. Von der Pathik der Bilder bei Maurice Blanchot,Emanuel Alloa,,2007,,Kultur- und Medientheorie,transcript Verlag,book-chapter,de,False,,,https://doi.org/10.14361/9783839406984-003,0.0,,Crossref,10
10.1093/fs/lv.3.424,"REVIEWS The Place of Maurice Blanchot. Edited by PEPPERTHOMAS, (Yale French Studies, 93) New Haven and London, Vale University Press, 1998. 283. pp. Pb. $17.00.",MICHAEL HOI LAND,,2001,,French Studies,Liverpool University Press,journal-article,en,False,,,https://doi.org/10.1093/fs/lv.3.424,0.0,,Crossref,10
10.14361/9783839450291-007,"Zwischenräume (in) der Literatur. Überlegungen mit Blick auf Maurice Blanchot, Fjodor M. Dostojewskij und Franz Kafka",Alice Stasková,,2021,,Mainzer Historische Kulturwissenschaften,transcript Verlag,book-chapter,de,False,,,https://doi.org/10.14361/9783839450291-007,0.0,,Crossref,10
,Cahiers Maurice Blanchot,Jérémie Majorel | Bident Christophe | Parham Shahrjerdi,,2014,,,,OUV,,,,,,,,HAL,10
10.3366/e0264833409000753,"The Political Share of Literature: Maurice Blanchot, 1931–1937",Hannes Opelz,,2010,,Paragraph,Edinburgh University Press,journal-article,en,False,,,https://doi.org/10.3366/e0264833409000753,1.0,,Crossref,10
10.3366/edinburgh/9781474497503.003.0005,"The Unbearable Lightness of Being: Chiasmus, Embodiment, and Interpretation in Maurice Blanchot",Zoë Roth,,2022,,Formal Matters,Edinburgh University Press,book-chapter,en,False,,,https://doi.org/10.3366/edinburgh/9781474497503.003.0005,0.0,,Crossref,10
10.3366/jobs.2013.0069,"A ‘Whispered Disfazione’: Maurice Blanchot, Leonardo da Vinci and <i>Three Dialogues with Georges Duthuit</i>",Adam Winstanley,,2013,,Journal of Beckett Studies,Edinburgh University Press,journal-article,en,False,,,https://doi.org/10.3366/jobs.2013.0069,1.0,,Crossref,10
10.3366/drt.2025.0376,"Holly Langstaff,
                    <i>Art and Technology in Maurice Blanchot</i>",Michael Portal,,2025,,Derrida Today,Edinburgh University Press,journal-article,en,False,,,https://doi.org/10.3366/drt.2025.0376,0.0,,Crossref,10
10.2307/j.ctv19m64zj.7,Maurice Blanchot:,,,2010,,Radical Indecision,University of Notre Dame Press,book-chapter,,False,,,https://doi.org/10.2307/j.ctv19m64zj.7,0.0,,Crossref,10
10.1524/9783050047812.65,"Abstraktion, Attraktion – Maurice Blanchot liest Hegel",,Andreas Gelhard,2007,2007-01-01,Akademie Verlag eBooks,Akademie Verlag,book-chapter,de,False,,Epistemology | Hegelianism | Philosophy,https://openalex.org/W2481467687,3.0,,"Crossref, OpenAlex",10
10.17648/ihgp.v4i02.109,UM ENCONTRO POSSÍVEL - JEAN LUC NANCY E MAURICE BLANCHOT  EM TORNO DA COMUNIDADE SEM COMUNIDADE.,Alberto AMARAL,,2018,,Revista do Instituto Histórico e Geográfico do Pará,Galoa Events Proceedings,journal-article,,False,,,https://doi.org/10.17648/ihgp.v4i02.109,0.0,,Crossref,10
10.1093/frebul/ktz014,"Maurice Blanchot,
                    <i>Thomas L’Obscur</i>
                    , Chapter I",John McKeane,,2020,,French Studies Bulletin,Liverpool University Press,journal-article,en,False,,,https://doi.org/10.1093/frebul/ktz014,0.0,,Crossref,10
10.12987/9780300231427-005,3. Waiting Maurice Blanchot (1907–2003),,,2019,,Last Works,Yale University Press,book-chapter,,False,,,https://doi.org/10.12987/9780300231427-005,0.0,,Crossref,10
10.12681/cjp.35103,Discussion on Social Media Aesthetic War: Maurice Blanchot and the Establishment of Ethics,Justina Šumilova,,2023,,Conatus,National Documentation Centre (EKT),journal-article,,False,,,https://doi.org/10.12681/cjp.35103,1.0,,Crossref,10
10.1215/26885220-91.3.279,Mythe et littérature dans La Part du feu de Maurice Blanchot,Daniela Hurezanu,,2000,,Romanic Review,Duke University Press,journal-article,en,False,,,https://doi.org/10.1215/26885220-91.3.279,0.0,,Crossref,10
10.1093/fs/knt235,"Maurice Blanchot and Fragmentary Writing: A Change of Epoch
                    <i>Maurice Blanchot and Fragmentary Writing: A Change of Epoch</i>
                    . By L
                    <scp>eslie</scp>
                    H
                    <scp>ill</scp>
                    . London: Continuum, 2012. vi + 443 pp.",Eugene Brennan,,2014,,French Studies,Liverpool University Press,journal-article,en,False,,,https://doi.org/10.1093/fs/knt235,0.0,,Crossref,10
10.1093/fs/knm151,"The Power of Contestation: Perspectives on Maurice Blanchot The Power of Contestation: Perspectives on Maurice Blanchot. Edited by K
                    <scp>evin</scp>
                    H
                    <scp>art</scp>
                    and G
                    <scp>eoffrey</scp>
                    H. H
                    <scp>artman</scp>
                    . Baltimore, MD, Johns Hopkins University Press, 2004.ix + 222 pp. Hb £35.50.",Martin Crowley,,2007,,French Studies,Liverpool University Press,journal-article,en,False,,,https://doi.org/10.1093/fs/knm151,0.0,,Crossref,10
10.1093/fs/knae114,"<i>Art and Technology in Maurice Blanchot</i>
                    . By Holly Langstaff
                    <i>Art and Technology in Maurice Blanchot</i>
                    . By LangstaffHolly. Edinburgh: Edinburgh University Press, 2023. viii + 191 pp.",Bryan Counter,,2024,,French Studies,Liverpool University Press,journal-article,en,False,,,https://doi.org/10.1093/fs/knae114,0.0,,Crossref,10
10.23924/oi.v15i35.651,La mirada al abismo. Relecturas del mito de Orfeo en la obra de Maurice Blanchot,Joan Cabó Rodríguez,,2024,,Open Insight,Centro de Investigacion Social Avanzada (CISAV),journal-article,,False,,,https://doi.org/10.23924/oi.v15i35.651,0.0,,Crossref,10
10.33687/jhssr.005.01.0476,The Centrality of Emptiness in the Narrative Structure of The Last Man by Maurice Blanchot,Milad Soltanian,,2026,,Journal of Humanities and Social Sciences Research,EScience Press Inc (Publications),journal-article,,False,,,https://doi.org/10.33687/jhssr.005.01.0476,0.0,,Crossref,10
10.2307/jj.36106002.13,Maurice Blanchot:,GEOFFREY HARTMAN,,2003,,Witnessing the Disaster,University of Wisconsin Press,book-chapter,,False,,,https://doi.org/10.2307/jj.36106002.13,0.0,,Crossref,10
10.31310/hum.097.05,Maurice Blanchot and Walter Benjamin - With Focus on the Ideas of ‘Translation’ and ‘Ultimate Language’ -,Kyou Hyun Park,,2025,,The Journal of Humanities,Research Institute of the Humanities,journal-article,,False,,,https://doi.org/10.31310/hum.097.05,0.0,,Crossref,10
10.3366/para.2007.30.3.3,"Maurice Blanchot, 1907–2003",Jean-Luc Nancy,,2007,,Paragraph,Edinburgh University Press,journal-article,en,False,,,https://doi.org/10.3366/para.2007.30.3.3,0.0,,Crossref,10
10.3366/para.2003.26.3.127,Maurice Blanchot (1907–2003),Michael Holland,,2003,,Paragraph,Edinburgh University Press,journal-article,en,False,,,https://doi.org/10.3366/para.2003.26.3.127,0.0,,Crossref,10
10.3366/olr.2000.015,"Carolyn Bailey Gill, ed., <i>Maurice Blanchot: The Demand of Writing</i> (London and New York: Routledge, 1996).Thomas Pepper, ed., <i>The Place of Maurice Blanchot: Yale French Studies</i> 93, (New Haven: Yale University Press, 1998).",Stephen Jarvis,,2000,,Oxford Literary Review,Edinburgh University Press,journal-article,en,False,,,https://doi.org/10.3366/olr.2000.015,0.0,,Crossref,10
10.3366/olr.2000.014,"Gerald L. Bruns, <i>Maurice Blanchot: The Refusal of Philosophy</i> (Baltimore and London: Johns Hopkins University Press, 1997).",Alan Brown,,2000,,Oxford Literary Review,Edinburgh University Press,journal-article,en,False,,,https://doi.org/10.3366/olr.2000.014,0.0,,Crossref,10
10.4000/books.pupo.1112,Intentionnalité et singularité. Maurice Blanchot et à la phénoménologie,Arthur Cools,,2010,2010-01-01,Presses universitaires de Paris Nanterre eBooks,Presses universitaires de Paris Nanterre,book-chapter,fr,False,"Le rapport de Blanchot à la phénoménologie n’est pas évident. Dans les livres de référence qui se rapportent à cette école de pensée inaugurée par les recherches de Husserl, Blanchot n’est pas mentionné. En effet, l’on ne trouve pas dans l’œuvre de Blanchot une réflexion explicite sur l’héritage de la philosophie de Husserl ni une contribution systématique à l’approche phénoménologique. En revanche, il est possible de repérer dans son écriture plusieurs références à des contemporains qui ont ...",Philosophy,https://openalex.org/W1828157630,2.0,,"Crossref, OpenAlex",10
10.4000/books.pupo.1090,Maurice Blanchot et la philosophie,,Éric Hoppenot | Alain Milon,2010,,,Presses universitaires de Paris Nanterre,edited-book,fr,False,,,https://doi.org/10.4000/books.pupo.1090,2.0,,Crossref,10
10.4000/books.pufc.7632,Maurice Blanchot à L’Insurgé,Régis Lanno,,2013,,Les écrivains théoriciens de la littérature,Presses universitaires de Franche-Comté,book-chapter,fr,False,,,https://doi.org/10.4000/books.pufc.7632,0.0,,Crossref,10
10.4000/books.pub.5292,"Maurice Blanchot, ou le secret de l’écriture",Serge Canadas,,2001,,Dire le secret,Presses Universitaires de Bordeaux,book-chapter,fr,False,,,https://doi.org/10.4000/books.pub.5292,0.0,,Crossref,10
10.4000/14wqy,"Passions et rituels de l’écriture : Maurice Blanchot, Roger Laporte",Mireille Calle-Gruber,,2009,,Écritures blanches,Presses universitaires de Saint-Étienne,book-chapter,fr,False,,,https://doi.org/10.4000/14wqy,0.0,,Crossref,10
10.2307/3685715,Faux Pas: Maurice Blanchot on the Ontology of Literature,Stephen Adam Schwartz,,1998,1998-01-01,SubStance,,article,en,False,"Etude critique de la pensee de Blanchot. L'A. se penche sur les influences dues a Mallarme, Heidegger et Hegel, puis il traite de la maniere dont Blanchot aborde la question ontologique de la litterature et des conditions de sa possibilite. L'article est construit autour de l'analyse des fondements philosophiques de la pensee litteraire de Blanchot",Epistemology | Ethnology | Hegelianism | History of philosophy | Humanities | Philosophy | Sociology,https://openalex.org/W2312951942,4.0,,OpenAlex,10
10.31694/pm.2023.09.31.3.009,"Physical Education and Sport in 『L""Écriture du désastre』 by Maurice Blanchot",Kyung-Sook Lee,,2023,,"The Journal of the Korean Society for the Philosophy of Sport, Dance, &amp; Martial Arts’",The Korean Society for the Philosophy of Sport Dance and Martial Arts,journal-article,en,False,,,https://doi.org/10.31694/pm.2023.09.31.3.009,0.0,,Crossref,10
10.1093/fs/knx249,"<i>The Writing of Terrorism: Contemporary American Fiction and Maurice Blanchot</i>
                    . By C
                    <scp>hristian</scp>
                    K
                    <scp>loeckner</scp>
                    .
                    <i>The Writing of Terrorism: Contemporary American Fiction and Maurice Blanchot</i>
                    . By KloecknerChristian. (Transcription, 10.) Frankfurt a.M.: Peter Lang, 2017. 256 pp.",Leslie Hill,,2018,,French Studies,Liverpool University Press,journal-article,en,False,,,https://doi.org/10.1093/fs/knx249,0.0,,Crossref,10
10.1093/fs/knv290,"Haptic Experience in the Writings of Georges Bataille, Maurice Blanchot and Michel Serres
                    <i>Haptic Experience in the Writings of Georges Bataille, Maurice Blanchot and Michel Serres</i>
                    . By C
                    <scp>rispin</scp>
                    T. L
                    <scp>ee</scp>
                    . (Modern French Identities, 116.) Bern: Peter Lang, 2014. viii + 318 pp.",Gary D. Mole,,2016,,French Studies,Liverpool University Press,journal-article,en,False,,,https://doi.org/10.1093/fs/knv290,0.0,,Crossref,10
10.1093/fs/53.2.233,"Review. Maurice Blanchot. Gill, Carolyn Bailey (ed.)",S. JARON,,1999,,French Studies,Liverpool University Press,journal-article,en,False,,,https://doi.org/10.1093/fs/53.2.233,0.0,,Crossref,10
10.2307/40154503,Maurice Blanchot: Partenaire invisible,Roland A. Champagne | Christophe Bident,,1999,1999-01-01,World Literature Today,,article,en,False,,Philosophy,https://openalex.org/W2335694442,34.0,,OpenAlex,10
10.3366/nfs.2010-2.007,Y a-t-il <i>lieu</i> de traduire ? Maurice Blanchot et la <i>mise en demeure</i> du langage philosophique,Yves Gilonne,,2010,,Nottingham French Studies,Edinburgh University Press,journal-article,en,False,,,https://doi.org/10.3366/nfs.2010-2.007,0.0,,Crossref,10
10.17161/chimeres.v25i1.6161,Maurice Blanchot: Littérature et ruine de l'écriture,Thierry Durand,,1998,,Chimères,The University of Kansas,journal-article,,False,,,https://doi.org/10.17161/chimeres.v25i1.6161,0.0,,Crossref,10
10.2307/jj.21995977.17,Bibliography of Writings by Maurice Blanchot,,,2010,,Clandestine Encounters,University of Notre Dame Press,book-chapter,,False,,,https://doi.org/10.2307/jj.21995977.17,0.0,,Crossref,10
10.2307/jj.18252873.8,MAURICE BLANCHOT:,,,2019,,The Little Crystalline Seed,State University of New York Press,book-chapter,,False,,,https://doi.org/10.2307/jj.18252873.8,0.0,,Crossref,10
10.2307/j.ctv5nph81.13,Maurice Blanchot:,,,2019,,The Seduction of Unreason,Princeton University Press,book-chapter,,False,,,https://doi.org/10.2307/j.ctv5nph81.13,0.0,,Crossref,10
10.1515/9798855804508-010,"Appendix “Literature” by Maurice Blanchot, a Comparison of the Journal des débats and Faux pas Versions",,,2025,,Maurice Blanchot,SUNY Press,book-chapter,,False,,,https://doi.org/10.1515/9798855804508-010,0.0,,Crossref,10
10.4000/books.pupo.3163,L’Instant de ma mort de Maurice Blanchot ou une question inventée face à l’impensable,Claudine Hunault,,2014,,"Maurice Blanchot, entre roman et récit",Presses universitaires de Paris Nanterre,book-chapter,fr,False,,,https://doi.org/10.4000/books.pupo.3163,1.0,,Crossref,10
10.4000/books.pupo.3165,« Comme un souvenir indestructible » : L’Instant de ma mort de Maurice Blanchot,Caroline Sheaffer-Jones,,2014,,"Maurice Blanchot, entre roman et récit",Presses universitaires de Paris Nanterre,book-chapter,fr,False,,,https://doi.org/10.4000/books.pupo.3165,0.0,,Crossref,10
10.34257/gjhssavol20is12pg1,"Thinking Forgetting Through: Maurice Blanchot, for Example",David Appelbaum,,2020,,Global Journal of Human-Social Science,Global Journals,journal-article,en,False,,,https://doi.org/10.34257/gjhssavol20is12pg1,0.0,,Crossref,10
10.3726/978-3-0353-0655-2,"Haptic Experience in the Writings of Georges Bataille, Maurice Blanchot and Michel Serres",Crispin T. Lee,,2014,,Modern French Identities,"Peter Lang AG, Internationaler Verlag der Wissenschaften",monograph,en,False,,,https://doi.org/10.3726/978-3-0353-0655-2,0.0,,Crossref,10
10.3726/b18556,"Muerte, materialismo e infancia en la obra de Maurice Blanchot",,Noelia Billi,2022,,,Peter Lang Verlag,monograph,,False,,,https://doi.org/10.3726/b18556,0.0,,Crossref,10
10.3828/ajfs.35.2.228,"Transgression, Masochism and Subjectivity: the Sacrifice of Self to the (Feminized) Space of Literature in Maurice Blanchot",Donna Wilkerson,,1998,,Australian Journal of French Studies,Liverpool University Press,journal-article,en,False,,,https://doi.org/10.3828/ajfs.35.2.228,1.0,,Crossref,10
10.3828/fs.2025.79.2.31,"<scp>Maurice Blanchot</scp>
                    ,
                    <i>Premiers récits: Le Mythe d’Ulysse, inédit suivi de L’Idylle (1936) et du Dernier Mot (1935)</i>",Bryan Counter,,2025,,French Studies,Liverpool University Press,journal-article,en,False,,,https://doi.org/10.3828/fs.2025.79.2.31,0.0,,Crossref,10
10.3828/fs.2025.79.3.5,"‘L’Absurde se nomme. Le désespoir se chante’: Maurice Blanchot Reads Brice Parain’s
                    <i>Recherches sur la nature et les fonctions du langage</i>",Marty Hiatt,,2025,,French Studies,Liverpool University Press,journal-article,en,False,,,https://doi.org/10.3828/fs.2025.79.3.5,0.0,,Crossref,10
10.3828/fs.2025.79.4.42,"Cosmin Toma,
                    <i>Maurice Blanchot au siècle de sa mort: des espaces numériques et littéraires</i>",Bryan Counter,,2025,,French Studies,Liverpool University Press,journal-article,en,False,,,https://doi.org/10.3828/fs.2025.79.4.42,0.0,,Crossref,10
10.3917/ltm.654.0074,"Maurice Blanchot, Roland Barthes, une « ancienne conversation »",Éric Marty,,2009,2009-06-01,Les Temps Modernes,,article,fr,False,,Art | Conversation | Humanities | Linguistics | Philosophy,https://openalex.org/W4256320787,2.0,,OpenAlex,10
10.3917/rmm.152.0215,Exode et exil dans la pensée de Maurice Blanchot,Éric Hoppenot,,2015,2015-05-29,Revue de métaphysique et de morale,,article,fr,False,"L’article analyse deux modalités essentielles de l’intertexte biblique dans l’œuvre de Blanchot, l’exode et l’exil. Ces deux mouvements qui fondent l’être juif et sa « vocation métaphysique » s’inscrivent dans un lieu privilégié, le désert. Espace du dénuement total, du retour à l’origine, mais, plus encore, lieu du nomadisme et de l’errance. Dans la pensée de l’« être juif » tel que l’envisage Blanchot, l’exode est à la fois, le fondement du politique, le temps de la révélation, mais aussi celui de l’écriture, et plus particulièrement de l’écriture comme Loi. L’exil, quant à lui revêt une inflexion plus dramatique, car, au contraire de la tradition juive, Blanchot l’envisage dans la démesure d’un mouvement sans fin. Il analyse l’exil comme la conjugaison du retrait divin, de la dispersion d’Israël et de l’incondition d’écrivain. Ainsi, Kafka, en faisant conjointement l’épreuve de ces trois expériences de l’exil, peut incarner la figure de l’écrivain par excellence.",Art | Humanities | Philosophy,https://openalex.org/W1879476576,3.0,,OpenAlex,10
10.4000/13ch9,Un pouvoir sans pouvoir. La puissance de destitution d’après Maurice Blanchot et le comité d’action étudiants-écrivains,Jean-François Hamel,,2019,,Pouvoir de la littérature,Presses universitaires de Rennes,book-chapter,fr,False,,,https://doi.org/10.4000/13ch9,1.0,,Crossref,10
10.4000/books.pupo.21205,Défi de lecture : Thomas l’obscur de Maurice Blanchot,,Anca Călin | Alain Milon,2017,,,Presses universitaires de Paris Nanterre,edited-book,fr,False,,,https://doi.org/10.4000/books.pupo.21205,0.0,,Crossref,10
10.4000/books.pupo.3152,Maurice Blanchot : « Je » ou comment s’en débarrasser,Maxime Decout,,2014,,"Maurice Blanchot, entre roman et récit",Presses universitaires de Paris Nanterre,book-chapter,fr,False,,,https://doi.org/10.4000/books.pupo.3152,1.0,,Crossref,10
10.4000/books.pupo.3135,"Maurice Blanchot, entre roman et récit",,Alain Milon,2014,,,Presses universitaires de Paris Nanterre,edited-book,fr,False,,,https://doi.org/10.4000/books.pupo.3135,1.0,,Crossref,10
10.4000/books.pupo.3150,"Maurice Blanchot, Opus communis",Slimane Lamnaoui,,2014,,"Maurice Blanchot, entre roman et récit",Presses universitaires de Paris Nanterre,book-chapter,fr,False,,,https://doi.org/10.4000/books.pupo.3150,0.0,,Crossref,10
10.4000/books.pur.30063,Maurice Blanchot et la question du pouvoir,Philippe Mesnard,,2005,,L'engagement littéraire,Presses universitaires de Rennes,book-chapter,fr,False,,,https://doi.org/10.4000/books.pur.30063,0.0,,Crossref,10
10.4000/books.puv.939,Chapitre II. « Effacé avant d’être écrit » : Maurice Blanchot et l’art du récit,Marie-Chantal Killeen,,2004,,Essai sur l'indicible,Presses universitaires de Vincennes,book-chapter,fr,False,,,https://doi.org/10.4000/books.puv.939,0.0,,Crossref,10
10.4000/books.pupo.1113,De l’Apocalypse à Amalek. Esquisse d’une réflexion sur la pensée du mal dans l’œuvre de Maurice Blanchot,Éric Hoppenot,,2010,,Maurice Blanchot et la philosophie,Presses universitaires de Paris Nanterre,book-chapter,fr,False,,,https://doi.org/10.4000/books.pupo.1113,1.0,,Crossref,10
10.4000/books.pur.29950,Chapitre V. L’amitié à l’épreuve de l’impersonnalité chez Maurice Blanchot,Olivier Jacquemond,,2009,,L'impersonnel en littérature,Presses universitaires de Rennes,book-chapter,fr,False,,,https://doi.org/10.4000/books.pur.29950,0.0,,Crossref,10
10.4000/books.pupo.915,Lire et commenter selon Maurice Blanchot et Emmanuel Lévinas : le statut de la critique littéraire,Matthieu Dubost,,2008,,"Emmanuel Lévinas-Maurice Blanchot, penser la différence",Presses universitaires de Paris Nanterre,book-chapter,fr,False,,,https://doi.org/10.4000/books.pupo.915,0.0,,Crossref,10
10.4000/books.pupo.897,"Emmanuel Lévinas et Maurice Blanchot : trace, énigme et illéité",Manola Antonioli,,2008,,"Emmanuel Lévinas-Maurice Blanchot, penser la différence",Presses universitaires de Paris Nanterre,book-chapter,fr,False,,,https://doi.org/10.4000/books.pupo.897,0.0,,Crossref,10
10.4000/books.pupvd.29432,Maurice Blanchot et l’écriture fragmentaire : “le temps de l’absence de temps”,Éric Hoppenot,,2002,2002-01-01,Presses universitaires de Perpignan eBooks,Presses universitaires de Perpignan,book-chapter,fr,False,"In memoriam Emmanuel Lévinas et Louis-René des Forêts Dans Les Confessions, Saint Augustin articulait déjà la question posée par le temps à celle du langage : Qu’est-ce en effet que le temps ? Qui serait capable de l’expliquer et de le définir brièvement ? Qui peut le concevoir, même en pensée assez nettement pour exprimer par des mots l’idée qu’il s’en fait ? Est-il cependant notion plus familière et plus connue dont nous usions en parlant ? [...] Qu’est-ce donc que le temps ? Si personne ne...",Art | Humanities | Philosophy,https://openalex.org/W3167051407,4.0,,"Crossref, OpenAlex",10
10.4000/books.pupo.922,« La parole du détour » : Maurice Blanchot et Emmanuel Lévinas,Caroline Sheaffer-Jones,,2008,,"Emmanuel Lévinas-Maurice Blanchot, penser la différence",Presses universitaires de Paris Nanterre,book-chapter,fr,False,,,https://doi.org/10.4000/books.pupo.922,0.0,,Crossref,10
10.4000/books.pupo.18845,Maurice Blanchot et Maître Eckhart. Expérience du dehors et anéantissement mystique,Sébastien Galland,,2020,,Maurice Blanchot et l’Allemagne,Presses universitaires de Paris Nanterre,book-chapter,fr,False,,,https://doi.org/10.4000/books.pupo.18845,0.0,,Crossref,10
10.4000/books.pupo.18830,Maurice Blanchot… vers quel paysage allemand ?,Alain Milon,,2020,,Maurice Blanchot et l’Allemagne,Presses universitaires de Paris Nanterre,book-chapter,fr,False,,,https://doi.org/10.4000/books.pupo.18830,0.0,,Crossref,10
10.4000/books.pupo.1129,"Maurice Blanchot, lecteur de Lévinas",Georges Hansel,,2010,,Maurice Blanchot et la philosophie,Presses universitaires de Paris Nanterre,book-chapter,fr,False,,,https://doi.org/10.4000/books.pupo.1129,0.0,,Crossref,10
10.4000/books.pupo.18795,Maurice Blanchot et l’Allemagne,,Hugues Choplin | Éric Hoppenot | Alain Milon,2020,,,Presses universitaires de Paris Nanterre,edited-book,fr,False,,,https://doi.org/10.4000/books.pupo.18795,0.0,,Crossref,10
10.4000/books.pupo.1127,"Maurice Blanchot, Roland Barthes, une « ancienne conversation »",Éric Marty,,2010,,Maurice Blanchot et la philosophie,Presses universitaires de Paris Nanterre,book-chapter,fr,False,,,https://doi.org/10.4000/books.pupo.1127,1.0,,Crossref,10
10.4000/books.pupo.18930,"Un même autre, un autre même. Maurice Blanchot et Walter Benjamin",Vivian Liska,,2020,,Maurice Blanchot et l’Allemagne,Presses universitaires de Paris Nanterre,book-chapter,fr,False,,,https://doi.org/10.4000/books.pupo.18930,0.0,,Crossref,10
10.4000/books.pupo.18890,« L’attente » de Maurice Blanchot et la conception heideggérienne du temps,Deborah M. Hess,,2020,,Maurice Blanchot et l’Allemagne,Presses universitaires de Paris Nanterre,book-chapter,fr,False,,,https://doi.org/10.4000/books.pupo.18890,0.0,,Crossref,10
10.4000/books.pupo.21532,"La Mort de Dieu. Maurice Blanchot, dans l’ombre de Nietzche, Bataille et Klossowski",Thibault Ulysse Comte,,2019,,Leçon d’économie générale : l’expérience-limite chez Bataille-Blanchot-Klossowski,Presses universitaires de Paris Nanterre,book-chapter,fr,False,,,https://doi.org/10.4000/books.pupo.21532,0.0,,Crossref,10
10.54310/elpis.2023.1.12,Megszakítás. Maurice Blanchot és a vita minimuma,Zoltán Popovics,,2023,,Elpis Filozófiatudományi Folyóirat,Eötvös Loránd University,journal-article,,False,,,https://doi.org/10.54310/elpis.2023.1.12,0.0,,Crossref,10
10.5749/culturalcritique.88.2014.0054,TOTALITY AND THE COMMON: HENRI LEFEBVRE AND MAURICE BLANCHOT ON EVERYDAY LIFE,Jen Hui Bon Hoa,,2014,2014-01-01,Cultural Critique,University of Minnesota Press,article,en,False,,Aesthetics | Art | Epistemology | Everyday life | Philosophy,https://openalex.org/W1501390262,6.0,,"Crossref, OpenAlex",10
10.5771/9783495808351-75,La réception de la pensée d’E. Lévinas chez Jean-François Lyotard et Maurice Blanchot: le motif de l’»être juif«,Sophie Nordmann,,2016,,Lesarten der Freiheit,Verlag Karl Alber,book-chapter,,False,,,https://doi.org/10.5771/9783495808351-75,0.0,,Crossref,10
10.4000/books.pupo.3172,"Critiques de Thierry Maulnier à propos des deux premiers romans de Maurice Blanchot, Thomas l’Obscur et Aminadab",Thierry Maulnier,,2014,,"Maurice Blanchot, entre roman et récit",Presses universitaires de Paris Nanterre,book-chapter,fr,False,,,https://doi.org/10.4000/books.pupo.3172,0.0,,Crossref,10
10.4000/books.pupo.865,Question de singularité(s) : la figure de l’enfant et les limites de l’entretien entre Maurice Blanchot et Emmanuel Lévinas,Arthur Cools,,2008,,"Emmanuel Lévinas-Maurice Blanchot, penser la différence",Presses universitaires de Paris Nanterre,book-chapter,fr,False,,,https://doi.org/10.4000/books.pupo.865,0.0,,Crossref,10
10.4000/books.pupo.845,"Emmanuel Lévinas-Maurice Blanchot, penser la différence",,Éric Hoppenot | Alain Milon,2008,,,Presses universitaires de Paris Nanterre,edited-book,fr,False,,,https://doi.org/10.4000/books.pupo.845,2.0,,Crossref,10
10.4000/books.pupo.891,"Maurice Blanchot, son ami, son allié",Georges Hansel,,2008,,"Emmanuel Lévinas-Maurice Blanchot, penser la différence",Presses universitaires de Paris Nanterre,book-chapter,fr,False,,,https://doi.org/10.4000/books.pupo.891,0.0,,Crossref,10
10.4000/books.pupo.886,L’épreuve du mal ou l’injonction éthique de l’écriture : lecture de Maurice Blanchot et d’Emmanuel Lévinas,Pierre-Antoine Chardel,,2008,,"Emmanuel Lévinas-Maurice Blanchot, penser la différence",Presses universitaires de Paris Nanterre,book-chapter,fr,False,,,https://doi.org/10.4000/books.pupo.886,0.0,,Crossref,10
10.1086/655204,Introduction to “Letter to Maurice Blanchot on the Creation of the State of Israel”,Sarah Hammerschlag,,2010,,Critical Inquiry,University of Chicago Press,journal-article,en,False,,,https://doi.org/10.1086/655204,0.0,,Crossref,10
10.1086/655205,Letter to Maurice Blanchot on the Creation of the State of Israel,Emmanuel Lévinas,,2010,2010-06-01,Critical Inquiry,University of Chicago Press,letter,en,False,,Algorithm | Art history | Classics | Computer science | Download | History | Library science | Philosophy | Political science | State (computer science) | World Wide Web,https://openalex.org/W2029473706,2.0,,"Crossref, OpenAlex",10
10.1086/655206,The Final Meeting between Emmanuel Lévinas and Maurice Blanchot,Michaël Lévinas,,2010,,Critical Inquiry,University of Chicago Press,journal-article,en,False,,,https://doi.org/10.1086/655206,0.0,,Crossref,10
10.1086/507746,"Kevin Hart, . <i>The Dark Gaze: Maurice Blanchot and the Sacred</i>. Chicago: University of Chicago Press, 2005. x+301 pp. $22.00 (paper).",Graham Ward,,2006,,The Journal of Religion,University of Chicago Press,journal-article,en,False,,,https://doi.org/10.1086/507746,0.0,,Crossref,10
10.1093/fs/lv.3.423,"REVIEWS Maurice Blanchot le principe de fiction. By HURAULTMARIE-LAURE, (L'lmaginaire du texte) Saint-Denis, Presses Universitaires de Vincennes, 1999. 240. pp. 140F, €21.34.",MICHAEL HOLLAND,,2001,,French Studies,Liverpool University Press,journal-article,en,False,,,https://doi.org/10.1093/fs/lv.3.423,0.0,,Crossref,10
10.1086/671972,"<i>Kevin Hart</i> Clandestine Encounters: Philosophy in the Narratives of Maurice Blanchot<i>Clandestine Encounters: Philosophy in the Narratives of Maurice Blanchot</i>. Edited by Kevin Hart. Notre Dame, IN: University of Notre Dame Press, 2010. Pp. ix+336.",Wyatt Bonikowski,,2013,,Modern Philology,University of Chicago Press,journal-article,en,False,,,https://doi.org/10.1086/671972,0.0,,Crossref,10
10.1093/fmls/cqn014,"""Ce mot sec et latin par surcroit"": Maurice Blanchot, Literature and Nihilism",S. Weller,,2008,,Forum for Modern Language Studies,Oxford University Press (OUP),journal-article,en,False,,,https://doi.org/10.1093/fmls/cqn014,1.0,,Crossref,10
10.1086/730335,:<i>Maurice Blanchot on Poetry and Narrative: Ethics of the Image</i>,Bryan Counter,,2024,,Critical Inquiry,University of Chicago Press,journal-article,en,False,,,https://doi.org/10.1086/730335,0.0,,Crossref,10
10.1093/fs/lii.4.488,"REVIEWS Maurice Blanchot et le déplacement d'Orphée. By MICHELCHANTAL. Saint-Genouph, Nizet, 1997. 183 pp. Pb 130 F.",PATRICK FFRENCH,,1998,,French Studies,Liverpool University Press,journal-article,en,False,,,https://doi.org/10.1093/fs/lii.4.488,0.0,,Crossref,10
10.1093/fs/liii.2.233-b,"REVIEWS Maurice Blanchot: The Demand of Writing. (Warwick Studies in European Philosophy). Edited by GILLCAROLYN BAILEY. London—New York, Routledge, 1996. xiii + 234 pp.",STEVEN JARON,,1999,,French Studies,Liverpool University Press,journal-article,en,False,,,https://doi.org/10.1093/fs/liii.2.233-b,0.0,,Crossref,10
10.1093/fs/liv.3.403-b,"REVIEWS Politics and Literature: The Case of Maurice Blanchot. By HESSDEBORAH M.. (Currents in Comparative Romance Languages and Literatures). Bern, Peter Lang, 1999. vi + 272 pp.",LESLIE HILL,,2000,,French Studies,Liverpool University Press,journal-article,en,False,,,https://doi.org/10.1093/fs/liv.3.403-b,0.0,,Crossref,10
10.5040/9781350349087,Maurice Blanchot on Poetry and Narrative,,Kevin Hart,2023,,,Bloomsbury Academic,monograph,,False,,,https://doi.org/10.5040/9781350349087,1.0,,Crossref,10
10.5040/9781350062245.ch-010,Where the Center of the Rupture Is Called Judaism: Maurice Blanchot and Religion after Religion,Kirsten Collins,,2019,,All Religion Is Inter-Religion,Bloomsbury Academic,book-chapter,,False,,,https://doi.org/10.5040/9781350062245.ch-010,0.0,,Crossref,10
10.4324/9781315015507-22,"Maurice Blanchot, Artaud",,,2014,2014-04-04,,,book-chapter,en,False,,Art,https://openalex.org/W4241885309,1.0,,OpenAlex,10
,Maurice Blanchot : l'excès par défaut,Laurent Mattiussi,,2009,,,,COUV,,,,,,,,HAL,10
,Image imaginaire dans l'oeuvre de Maurice Blanchot,Kader Mokaddem,,2007,,,,COMM,,,,,,,,HAL,10
,"Maurice Blanchot, Roland Barthes, une ancienne conversation",Eric Marty,,2009,,Les Temps Modernes,,ART,,,,,,,,HAL,10
,"Maurice Blanchot, numéro spécial",Evelyne Grossman,,2007,,,,OUV,,,,,,,,HAL,10
,"Allégories de la souveraineté : politique et littérature, à partir de Maurice Blanchot",Peter Murvai,,2011,,,,THESE,,,,,,,,HAL,10
,Michel Foucault et Maurice Blanchot : l'écho d'une relation impersonnelle.,Salatyiel Zue Aba'A,,2023,,,,COUV,,,,,,,,HAL,10
10.1057/s41296-018-0212-9,From resistance to invention in the politics of the impossible: Bernard Stiegler’s political reading of Maurice Blanchot,Ben Turner,,2018,2018-03-20,Contemporary Political Theory,,article,en,False,,Biology | Critical theory | Ecology | Epistemology | Law | Linguistics | Philosophy | Political philosophy | Political science | Politics | Psychoanalysis | Psychology | Reading (process) | Resistance (ecology) | Sociology,https://openalex.org/W2790561702,3.0,,OpenAlex,10
10.1017/cbo9781316145463.004,Maurice Blanchot and the politics of narrative genres,,,2015,,"Literature, Ethics, and Decolonization in Postwar France",Cambridge University Press,book-chapter,,False,,,https://doi.org/10.1017/cbo9781316145463.004,0.0,,Crossref,10
10.1017/cbo9781139022309.100,Maurice Blanchot (1907–2003),,,2014,,The Cambridge Foucault Lexicon,Cambridge University Press,book-chapter,,False,,,https://doi.org/10.1017/cbo9781139022309.100,0.0,,Crossref,10
10.1017/9781108566001.006,Writing the Disaster: Maurice Blanchot,Shane Weller,,2018,2018-11-05,Cambridge University Press eBooks,,book-chapter,en,False,A summary is not available for this content so a preview has been provided. Please use the Get access link above for information on how to access this content.,History | Psychology,https://openalex.org/W4297577390,1.0,,OpenAlex,10
10.1023/b:huma.0000022538.64783.ee,"Dissymmetry and Height: Rhetoric, Irony and Pedagogy in the Thought of Husserl, Blanchot and Levinas",Gary Peters,,2004,2004-04-03,Human Studies,,article,en,False,,Aesthetics | Epistemology | Hermeneutics | Intersubjectivity | Irony | Linguistics | Modern philosophy | Phenomenology (philosophy) | Philosophy | Rhetoric | Sociology | Solipsism | Theology,https://openalex.org/W1979610013,3.0,,OpenAlex,9
10.1080/09697250020012179,"DELEUZE AND DERRIDA, BY WAY OF BLANCHOT - an interview",Zsuzsa Baross,,2000,2000-08-01,Angelaki,,article,en,False,,Philosophy | Psychoanalysis | Psychology,https://openalex.org/W2116251638,5.0,,OpenAlex,9
10.1080/0969725022000032526,IMPERSONAL EXISTENCE: a conceptual genealogy of the “there is” from heidegger to blanchot and levinas,William Large,,2002,2002-12-01,Angelaki,,article,en,False,"(2002). IMPERSONAL EXISTENCE: a conceptual genealogy of the “there is” from heidegger to blanchot and levinas. Angelaki: Vol. 7, No. 3, pp. 131-142.",Epistemology | Genealogy | History | Philosophy,https://openalex.org/W1988697202,17.0,,OpenAlex,9
10.1080/0969725022000046189,Literature in Secret: Crossing Derrida and Blanchot,Ginette Michaud,,2002,2002-08-01,Angelaki,,article,en,False,,Philosophy,https://openalex.org/W2059138644,5.0,,OpenAlex,9
10.1080/09697250802156018,Nancy responds to blanchot,Greg Bird,,2008,2008-04-01,Angelaki,,article,ms,False,"Click to increase image sizeClick to decrease image size Notes notes I would like to thank my committee members Brian Singer, John O’Neill and Philip Walsh. Each has played a formative role in my studies that led to this article and each has also thoroughly commented on an earlier draft of it. I would also like to thank the anonymous reviewers for their helpful comments. Thanks are also due to Salah el Moncef for his timely and pleasant correspondence during the final stages of this process. Finally, I would like to thank the rest of the editorial team at Angelaki, including the copy editor, all of whom keep this journal going. 1 All the translations for this text are my own. 2 for a pro-Levinasian defence of Blanchot see Bernasconi; Critchley; and Ingram. For a pro-Heideggerian account of Nancy's work see Gaon; George; Gratton; James, Fragmentary Demand and “On Interrupted Myth”; and Raffoul. 3 for an account of Nancy's discussion on this formula see Wagner. 4 for an account of Nancy's rejection of this formula see Critchley; Devisch, “Trembling Voice,” “La ‘négativité sans emploi’” and “Entre crochets”; Domanov; Gilbert-Walsh; Gratton; Ingram; James, Fragmentary Demand and “On Interrupted Myth”; Lysaker, “On What is to be Done”; MacKendrick; May; Norris; Raffoul; and Wagner. 5 for an account of Nancy's rejection of this formula see Devisch, “Trembling Voice”. 6 for an account of both Nancy and Blanchot see Bernasconi. For an account of Nancy see Devisch, “Trembling Voice” and “La ‘négativité sans emploi’”; Domanov; Gaon; Gratton; Ingram; James, Fragmentary Demand and “On Interrupted Myth”; Lysaker, “On What is to be Done”; MacKendrick; May; Norris; Raffoul; and Wagner. 7 This leads to the notion of a “political community,” which is juxtaposed to the “nation-State.” For an account of Nancy's rejection of this formula see Devisch, “La ‘négativité sans employ,’” “Being Mondaine” and “Entre crochets”; Domanov; James, Fragmentary Demand; and Norris. 8 This formula is very close to the latter one; sometimes it is taken up as an offshoot of it. There are a number of ways in which this topic is taken up; however, I have not yet found a reading that deals explicitly with how both Nancy and Blanchot compare and contrast on this account. Bernasconi has cited a passage where Blanchot affirms society vis-à-vis community, which I will take up in the following section (see Bernasconi). And Gaon claims that Blanchot operates within this logic, while Nancy moves outside of it; however, Gaon's paper also tends to fuse Nancy's readings of community within the confines of this hypostasis as well (see Gaon). For an account of how Nancy attempts to move beyond this framework see Gratton; James, Fragmentary Demand; Lysaker, “On What is to be Done”; May; Norris; and Raffoul. For an account that mixes these two spheres in Nancy, in a hypostasis, see Devisch, “Trembling Voice,” “La ‘négativité sans emploi’” and “Entre crochets”; Domanov; Ingram; and Wagner. Finally, for a Nancean-inspired account of how this hypostasis works, see Lingis, esp. 155–57. 9 This is really an extension to number 3. For an account of Nancy's rejection of this formula see Devisch, “Trembling Voice”; Gratton; Ingram; James, Fragmentary Demand; MacKendrick; May; Norris; and Wagner. 10 It should be noted that Blanchot's The Unavowable Community was written as a response to Nancy's essay “The Inoperative Community” which appeared in Alea (Nancy, “La Communauté désœuvrée”). Nancy republished his essay, with minor revisions, along with other essays under the same title. I will be using the English translation of the latter essay (Nancy, Inoperative Community) because this version does not substantially deal with Blanchot's critique. As Bernasconi has noted, “Nancy did everything he could to reinforce the impression that Blanchot accepted his position on community” (Bernasconi 6). Also, this will be the only translated text that I am using for this paper. Blanchot's text, as well as Nancy's later responses, build upon a technical vocabulary which can be missed when translated into English, so I will work on my own translations. 11 This is a curt account of Nancy's fundamental criticisms of what he calls the foundational logos of modern Western notions of community. It should also be noted that when I speak of “traditional notions of community” I am reproducing Nancy's vocabulary, which is supposed to be directed solely towards Western metaphysical accounts of community. Further, one could problematize this homogenizing account of the modern Western notion of community as sovereign by looking at it from a historical perspective (see Bernasconi; Critchley; and Norris); however, I will leave this aspect open because I have chosen to focus on the hypostasis. 12 In this text, Nancy claims that this is an “ontological ‘sociality’” (ibid. 28). This should not be confused with “social ontology,” which some commentators have claimed (see Critchley; and Devisch, “Trembling Voice”). Raffoul has taken up this point by claiming that it is an “ontology of ‘the social’ that is more originary than any society, any individuality, and any essence of Being” (37). I will further outline this position later in this paper. 13 In Bernasconi's defence, his article was published in 1993 right around the time that Nancy was starting to reconsider his use of the death of the other and communication–both topics I consider further below. Plus, Blanchot had posited these two as hard alternatives. 14 It is important to note that Blanchot consistently refers to relations in the current society as “associated relations.” This is a common theme that spans Western social theory. It can be found in the direct translation of T önnies’ description of “gesellschaft,” Weber's “vergesellschaftung” (associative relationships), Rousseau's Social Contract, Parson's “ordering society,” Durkheim's “collective consciousness,” Marx's description of social relationships in Capitalism, Foucault's “disciplinary society,” and Simmel's “blasé attitude,” as well as multiple phenomenological accounts of relationships within the everyday world, such as Lingis's description of social relations (op. cit.), Husserl's “passive genesis” that occurs within the natural attitude, Heidegger's “das Man,” Sartre's “seriality,” Schutz's mundane “We-relationship,” and so on. 15 Using Bataille's last attempt to articulate the exigency of community, Blanchot points to the double imperative that shows up in making community said. The “tear” or exposure of the subject to the other is undone when the subject attempts to “communicate” this relation. These moments destroy each other. We find this reflexive moment within the economy of the Same, which results in a productivist notion of the “negative community” (see ibid. 40–45). This is simultaneously a critique of Nancy on the level of the hypostasis that occurs through language. 16 It should be noted that Levinas does not take this precaution in Totalité et infini. He does attempt to break free from the communist exigency, but he only does so by criticizing the adequation between the “common” with property, while privileging the “social.” The latter is represented in the third, which acts as a space between the self and the other (see Lévinas). As it will become apparent below, Levinas's manner of addressing relationships could be read as a reformulation of associative, hence societal, relations. 17 It should be noted that this minute passage contains the only explicit reference to Ricoeur that I have found in all the texts written by Nancy that have been cited in this paper. As I will show in this section, however, this single remark directs us towards an extremely important referential point in Nancy. So we should note that most of the following is my attempt to fill in the details of the relationship between Nancy's theory with Ricoeur's, including the way in which Nancy's moves beyond Ricoeur's. 18 Without going into the minute details of Nancy's ontological argument here, I should point out that in The Sense of the World Nancy claims that the “insofar as” should not be understood in a significative sense, but acknowledged insofar as it is a sense of “signifiance.” Signifiance “indicates an order or register anterior to the order of signification” (Nancy, Sense of the World 172, fn. 11). It opens up a “third way” of the touch that “ex-propriates” beings from the significative sense of the world. Is this a new hypostasis? Possibly, but it is not so in the sense of significative understanding that is thought from a stance underneath the object. Following Agamben, he also employs a non-objective language by saying that it points to a “whatever” (ibid. 72–74; Agamben). So it is outside of language or beyond the hypostasis of language. 19 This text contains both an English translation (23–41) and a German edition (85–106). I will refer to both as I have elected to retranslate some of the English version.",Art | Art history | George (robot) | History | Literature | Mythology | Philosophy,https://openalex.org/W1992256526,6.0,,OpenAlex,9
10.1007/s11007-013-9266-9,The ‘face’ of the il y a: Levinas and Blanchot on impersonal existence,Kris Sealey,,2013,2013-08-14,Continental Philosophy Review,,article,en,False,,Epistemology | Face (sociological concept) | Law | Linguistics | Phenomenology (philosophy) | Philosophy | Political philosophy | Political science | Politics | Reading (process) | Sociology,https://openalex.org/W1991176352,14.0,,OpenAlex,9
10.4324/9780203004753,Blanchot,Leslie Hill,,2002,2002-01-04,,,book,en,False,"Blanchot provides a compelling insight into one of the key figures in the development of postmodern thought. Although Blanchot's work is characterised by a fragmentary and complex style, Leslie Hill introduces clearly and accessibly the key themes in his work. He shows how Blanchot questions the very existence of philosophy and literature and how we may distinguish between them, stresses the importance of his political writings and the relationship between writing and history that characterised Blanchot's later work; and considers the relationship between Blanchot and key figures such as Emmanuel Levinas and Georges Bataille and how this impacted on his work. Placing Blanchot at the centre stage of writing in the twentieth century, Blanchot also sheds new light on Blanchot's political activities before and after the Second World War. This accessible introduction to Blanchot's thought also includes one of the most comprehensive bibliographies of his writings of the last twenty years.",Computer science,https://openalex.org/W4234492419,1.0,,OpenAlex,9
10.5422/fso/9780823225347.003.0008,Lacoue-Labarthe between Derrida and Blanchot,John Martis,,2005,,Philippe Lacoue-Labarthe,Fordham University Press,book-chapter,,False,,,https://doi.org/10.5422/fso/9780823225347.003.0008,0.0,,Crossref,9
10.5422/fso/9780823226719.003.0008,Seven: The Unerasable Difference (Levinas in Blanchot),Gabriel Riera,,2006,,Intrigues,Fordham University Press,book-chapter,,False,,,https://doi.org/10.5422/fso/9780823226719.003.0008,0.0,,Crossref,9
10.5840/jh20036134,The Unbearable Trauma and Witnessing in Blanchot and Levinas,Lars Iyer | None None,,2003,2003-01-01,Janus head,Philosophy Documentation Center,article,en,False,,Philosophy | Psychoanalysis | Psychology,https://openalex.org/W2946068832,5.0,,"Crossref, OpenAlex",9
10.5840/studphaen20077special43,"Penser le neutre: Blanchot, Levinas",Laura Marin | None None,,2007,,Studia Phaenomenologica,Philosophy Documentation Center,journal-article,,False,,,https://doi.org/10.5840/studphaen20077special43,0.0,,Crossref,9
10.5860/choice.37-2723,"Radical passivity: Levinas, Blanchot, and Agamben",,,2000,2000-01-01,Choice Reviews Online,,article,en,False,,Electrical engineering | Engineering | Passivity | Philosophy | Psychoanalysis | Psychology,https://openalex.org/W1533477466,93.0,,OpenAlex,9
10.5860/choice.39-4465,"The delirium of praise: Bataille, Blanchot, Deleuze, Foucault, Klossowski",,,2002,2002-04-01,Choice Reviews Online,,article,en,False,"Contents: 1 Introduction: Noli me legere (Don't read me) 2 Chattering Silences: Bataille and Blanchot on Louis-Rene des Forets's Le Bavard 3 O My Friends, There is No Friend: Blanchot, Foucault, and Derrida 4 Madness and Repetition: The Absence of Work in Deleuze, Foucault and Jacques Martin 5 Bodies, Sickness, and Disjunction: Deleuze, Klossowski, and the Revocation of Nietzsche 6 Objects, Reserve, and the General Economy: Klossowski, Bataille, and Sade 7 Conclusion: Intellectual Hospitality",Delirium | Philosophy | Praise | Psychiatry | Psychoanalysis | Psychology | Psychotherapist,https://openalex.org/W1576704391,45.0,,OpenAlex,9
10.4000/books.pupo.899,"« Un récit ? » – de Bataille : la poétique du témoignage selon Blanchot, Derrida et Lévinas",Peter Frei,,2008,,"Emmanuel Lévinas-Maurice Blanchot, penser la différence",Presses universitaires de Paris Nanterre,book-chapter,fr,False,,,https://doi.org/10.4000/books.pupo.899,1.0,,Crossref,9
10.4000/books.pupo.21497,"Les parenthèses – un temps d’écriture, un temps du dehors : Blanchot, Derrida, Mallarmé",Jena Whitaker,,2019,,Leçon d’économie générale : l’expérience-limite chez Bataille-Blanchot-Klossowski,Presses universitaires de Paris Nanterre,book-chapter,fr,False,,,https://doi.org/10.4000/books.pupo.21497,0.0,,Crossref,9
10.3366/olr.2025.0484,"‘Our Fate, Which Remains Shackled to the Hardened Crust of a Planet’: Blanchot and Derrida’s Lautréamont",Philippe Lynes,,2025,,Oxford Literary Review,Edinburgh University Press,journal-article,en,False,,,https://doi.org/10.3366/olr.2025.0484,0.0,,Crossref,9
10.3366/para.2007.30.3.121,A Green Blanchot: Impossible?,Timothy Clark,,2007,2007-11-01,Paragraph,Edinburgh University Press,article,en,False,"Blanchot's work may at first seem remote from any sort of environmentalist thinking. While elements of his work share with Levinas and Heidegger a problematic privileging of the human, Blanchot nevertheless offers the basis of what might be seen as a timely ‘deeper ecological’ thinking, one that can engage the destructive anthropocentrism of Western thought and tradition in the very minutiae of its literary and philosophical texts. Unlike in much ‘green’ philosophy, no concept of nature or earth serves as foundation for Blanchot's thought. He is engaged by the ‘impossible’ as that which is not a matter of human power or decision, affirmed in both its ethical force and its contestation of dominant and appropriative conceptions of knowledge, rationality and invention. A comparison is offered between Max Oelschlager's representative ecocritical essay ‘Earth-Talk: Conservation and Ecology’, with its romantic attempt to find and celebrate modes of unalienated or ‘natural’ language, and Blanchot's practice of what can be seen as a more radical and questioning ‘ecology’ based on almost opposite conceptions.",Anthropocentrism | Archaeology | Biology | Ecology | Environmental ethics | Epistemology | History | Natural (archaeology) | Philosophy | Physics | Power (physics) | Psychoanalysis | Psychology | Quantum mechanics | Rationality | Romance | Sociology,https://openalex.org/W2157500968,3.0,,"Crossref, OpenAlex",9
10.3366/ccs.2004.1.3.337,"Comparatism and (Auto)thanatography: Death and Mourning in Blanchot, Derrida,and Tim Parks",Ivan Callus,,2004,,Comparative Critical Studies,Edinburgh University Press,journal-article,en,False,,,https://doi.org/10.3366/ccs.2004.1.3.337,1.0,,Crossref,9
10.3366/e0305149809000431,"<i>Singbarer Rest</i>: Friendship, Impossible Mourning (Celan, Blanchot, Derrida)",Ginette Michaud,,2009,2009-07-01,Oxford Literary Review,Edinburgh University Press,article,en,False,"Why does one give and what can one give to a dead friend? And what does one give oneself with this liberty, when one knows that the relation to oneself, that Narcissus himself, gazes at himself only from the gaze of the other, and precedes himself, answering then only for himself, only from the resonance of Echo, when this latter speaks freely of herself, for herself, by seeming to repeat the last syllables of the other and thus to give in to the jealous dictates of divine law? (FM, 164)",Acoustics | Computer network | Computer science | Database | Echo (communications protocol) | Epistemology | Friendship | Gaze | Philosophy | Physics | Psychoanalysis | Psychology | Reflexive pronoun | Relation (database) | Rest (music) | Social psychology,https://openalex.org/W2178218677,3.0,,"Crossref, OpenAlex",9
10.3366/e1754850009000578,"‘Pardon for not meaning’: Remarks on Derrida, Blanchot and Kafka",Caroline Sheaffer-Jones,,2009,,Derrida Today,Edinburgh University Press,journal-article,en,False,,,https://doi.org/10.3366/e1754850009000578,1.0,,Crossref,9
10.2307/jj.18252769.10,The Deconstruction of Christianity in Nancy and Blanchot,,,2022,,The Writing of Innocence,State University of New York Press,book-chapter,,False,,,https://doi.org/10.2307/jj.18252769.10,0.0,"{'is-identical-to': [{'id-type': 'doi', 'id': '10.1515/9781438489018-008', 'asserted-by': 'subject'}]}",Crossref,9
10.19130/iifl.ap.2009.2.327,"Comunidad literaria y deconstrucción. Entre el fin del relato y la archi-escritura: Blanchot, Kofman, Derrida",Joana Masó,,2009,,Acta Poética,Instituto de Investigaciones Filologicas,journal-article,,False,,,https://doi.org/10.19130/iifl.ap.2009.2.327,1.0,,Crossref,9
10.2307/20467035,"The Poetics of Singularity: The Counter-Culturalist Turn in Heidegger, Derrida, Blanchot and the Later Gadamer",Will Slocombe | Thomas D. Clark,,2006,2006-10-01,The Modern Language Review,,article,en,False,,Art | Geometry | Linguistics | Literature | Mathematics | Philosophy | Poetics | Poetry | Singularity,https://openalex.org/W2328308992,9.0,,OpenAlex,9
10.5860/choice.44-3722,"The poetics of singularity: the counter-culturalist turn in Heidegger, Derrida, Blanchot and the later Gadamer",Thomas D. Clark,,2007,2007-03-01,Choice Reviews Online,,article,en,False,"In Derrida's work an ambivalent and marginalised French-Jewish-Algerian voice, both coloniser and colonised, is absorbed into and reinflects the elitist eclecticism of Parisian intellectual culture, and this produces such paradoxically authoritarian pronouncements as 'what is proper to a culture is not to be identical to itself "" This sentence is a quotation from a hypothetical book.It forms a would-",Art | Biochemistry | Chemistry | Geometry | Literature | Mathematics | Philosophy | Poetics | Poetry | Singularity | Turn (biochemistry),https://openalex.org/W2072282656,20.0,,OpenAlex,9
10.59488/tragica.v9i2.26779,"DEMORAR, DE DERRIDA E BLANCHOT: literatura e rastreamentos",Alice Serra,,2019,,TRÁGICA: Estudos de Filosofia da Imanência,Programa de Pós-Graduação em Filosofia da Universidade Federal do Rio de Janeiro,journal-article,,False,,,https://doi.org/10.59488/tragica.v9i2.26779,1.0,,Crossref,9
10.1515/9780823290901-010,6 By the Board: Derrida Approaching Blanchot,,,2022,,Apparitions—Of Derrida's Other,Fordham University Press,book-chapter,,False,,,https://doi.org/10.1515/9780823290901-010,0.0,,Crossref,9
10.1515/9780823291861-010,7. The Unerasable Difference: Levinas in Blanchot,,,2022,,Intrigues,Fordham University Press,book-chapter,,False,,,https://doi.org/10.1515/9780823291861-010,0.0,,Crossref,9
10.1515/9780823292349-009,8 Lacoue-Labarthe between Derrida and Blanchot: Movement as Marking the Subject-in-Loss,,,2022,,Philippe Lacoue-Labarthe,Fordham University Press,book-chapter,,False,,,https://doi.org/10.1515/9780823292349-009,0.0,,Crossref,9
10.1515/9781438489018-008,The Deconstruction of Christianity in Nancy and Blanchot,,,2022,,The Writing of Innocence,SUNY Press,book-chapter,,False,,,https://doi.org/10.1515/9781438489018-008,0.0,"{'is-identical-to': [{'id-type': 'doi', 'id': '10.2307/jj.18252769.10', 'asserted-by': 'object'}]}",Crossref,9
10.1515/9798855802108-013,11. From the Neuter to the Instituting Praxis: The Role of Blanchot in Roberto Esposito’s Thought,Massimo Villani,,2025,,"Political Ontology, Community, and Institutions",SUNY Press,book-chapter,,False,,,https://doi.org/10.1515/9798855802108-013,0.0,,Crossref,9
10.14361/9783839467954-004,I.2 Jean-Luc Godards Histoire(s) du cinéma mit Blanchot und Derrida: Montage als Kritik und Supplément des Kinos,Philipp Stadelmaier,,2023,,Film,transcript Verlag,book-chapter,de,False,,,https://doi.org/10.14361/9783839467954-004,0.0,,Crossref,9
10.1353/com.2004.0011,Derrida/Blanchot/Boltanski: Borderdiscourse,Stephen Barker,,2004,2004-05-01,The Comparatist/Comparatist,,article,en,False,,Art | Literature | Philosophy,https://openalex.org/W2028270985,1.0,,OpenAlex,9
10.1353/pan.2013.0004,Waiting for Blanchot: A Third Act for Beckett’s Play,Arleen Ionescu,,2013,2013-01-01,Partial Answers Journal of Literature and the History of Ideas,,article,en,False,"Waiting and expecting structurally presuppose a futurity conditioned by doubt and uncertainty about the object of the wait. But what can waiting signify when one no longer waits for something/someone to come in a determinable future or when the horizon of such a traditional form of waiting starts receding? This paper attempts to frame this problem within a “dialectical” reading of Beckett’s play Waiting for Godot , starting from the existential-temporal dimension of humanity’s Dasein as “destined-to-death,” which traces the limits of waiting with/for an end as the time of the always missed/deferred encounter with Godot, symbolizing the ultimate appointment with death. As the play unfolds, the main characters may be seen to approach, albeit unwittingly, the threshold of another, more objectless waiting: that of Derrida’s arrivant or waiting without (messianic) expectation in a future-to-come ( avenir ). Finally, after a detour via Blanchot’s own modes of waiting and, as a possible remedy, the form of negation known as forgetting ( Awaiting Oblivion ), it returns to the ultimate inescapability of waiting beyond the “end” of Beckett’s play and, following Abraham and Torok’s speculative endeavor to write a “Sixth Act” in order to put to rest the dramatic uncertainties of Hamlet , it attempts to imagine a “third act,” once the curtain has fallen on Beckett’s characters.",Philosophy,https://openalex.org/W2032220807,4.0,,OpenAlex,9
10.14361/9783839467954-003,I.1 Serge Daney mit Blanchot und Derrida: (Film-)Kritik als Wacht über das Supplément des Kinos,Philipp Stadelmaier,,2023,,Film,transcript Verlag,book-chapter,de,False,,,https://doi.org/10.14361/9783839467954-003,0.0,,Crossref,9
10.1111/j.2041-6962.2001.tb01813.x,"The Sphinx's Gaze: Art, Friendship, and the Philosophical in Blanchot and Levinas",Lars Iyer,,2001,2001-06-01,The Southern Journal of Philosophy,,article,en,False,,Art | Art history | Epistemology | Friendship | Hermeneutics | History | Law | Media studies | Phenomenology (philosophy) | Philosophy | Political science | Politics | Postmodernism | Social science | Sociology | Sphinx | Visual arts,https://openalex.org/W2065977027,8.0,,OpenAlex,9
10.1163/156916407x169807,The Secret and the Neuter: On Heidegger and Blanchot,Pascal Massie,,2007,2007-01-01,Research in Phenomenology,,article,en,False,,Continental philosophy | Epistemology | Philosophy,https://openalex.org/W2064533755,2.0,,OpenAlex,9
10.1093/fs/knae003,Insomniacs: Vigilance in Blanchot and Levinas,Zakir Paul,,2024,,French Studies,Liverpool University Press,journal-article,en,False,,,https://doi.org/10.1093/fs/knae003,0.0,,Crossref,9
10.1093/fs/knr064,"Radical Indecision: Barthes, Blanchot, Derrida, and the Future of Criticism Radical Indecision: Barthes, Blanchot, Derrida, and the Future of Criticism. By L <scp>eslie</scp> H <scp>ill</scp> . Notre Dame, IN: University of Notre Dame Press, 2010. xiv + 438 pp. Pb $45.00.",Gary D. Mole,,2011,2011-03-25,French Studies,Liverpool University Press,article,en,False,"Journal Article Radical Indecision: Barthes, Blanchot, Derrida, and the Future of Criticism Get access Radical Indecision: Barthes, Blanchot, Derrida, and the Future of Criticism. By Leslie Hill. Notre Dame, IN: University of Notre Dame Press, 2010. xiv + 438 pp. Pb $45.00. Gary D. Mole Gary D. Mole Bar-Ilan University Search for other works by this author on: Oxford Academic Google Scholar French Studies, Volume 65, Issue 2, April 2011, Pages 279–280, https://doi.org/10.1093/fs/knr064 Published: 01 April 2011",Art | Criticism | Literature | Philosophy | Psychoanalysis | Psychology,https://openalex.org/W2023159475,6.0,,"Crossref, OpenAlex",9
10.1093/fs/knu221,"Marking Time: Derrida, Blanchot, Beckett, des Forêts, Klossowski, Laporte
                    <i>Marking Time: Derrida, Blanchot, Beckett, des Forêts, Klossowski, Laporte</i>
                    . By I
                    <scp>an</scp>
                    M
                    <scp>aclachlan</scp>
                    . (Faux titre, 384.) Amsterdam: Rodopi, 2012. 214 pp.",Leslie Hill,,2014,,French Studies,Liverpool University Press,journal-article,en,False,,,https://doi.org/10.1093/fs/knu221,0.0,,Crossref,9
10.1093/fs/liii.3.357,"REVIEWS Levinas, Blanchot, Jabès: Figures of Estrangement. By MOLEGARY D.. Gainesville, University Press of Florida, 1997. xvi + 208 pp.",IAN MACLACHLAN,,1999,,French Studies,Liverpool University Press,journal-article,en,False,,,https://doi.org/10.1093/fs/liii.3.357,0.0,,Crossref,9
10.1080/13534645.2014.988907,"Spacing Literature between Mallarmé, Blanchot and Derrida",Arleen Ionescu,,2015,2015-01-02,Parallax,,article,en,False,"Click to increase image sizeClick to decrease image size Additional informationNotes on contributorsArleen IonescuArleen Ionescu is Professor in the Department of Philology and Foreign Languages at University of Ploie¸ti (UPG), Vice-Dean of the Faculty of Letters and Sciences and Executive Editor of Word and Text, a leading journal in the humanities in Romania. Her major research and teaching interests are in the fields of Modernist prose and, increasingly, Critical Theory. She has published widely on Joyce and other related aspects of modernism, as well as on Beckett, Blanchot and Derrida. She is the author of Concordanţe româno-britanice (2004), A History of English Literature: The Middle Ages and the Renaissance (2008, part of it revised for A Short History of English Literature: The Middle Ages and the Renaissance, 2012), and Romanian Joyce: From Hostility to Hospitality (2014). Email: anionescu@upg-ploiesti.ro",Art | Art history | Classics | Feminism | Gender studies | History | Linguistics | Literature | Middle Ages | Modernism (music) | Philology | Philosophy | Romanian | Sociology | The Renaissance | Theology,https://openalex.org/W2036464721,6.0,,OpenAlex,9
10.1080/14797580903101185,"Impersonal Speech: Blanchot, Virno, Messianism",Lars Iyer,,2009,2009-07-01,Journal for Cultural Research,,article,en,False,"This article addresses Virno's diagnosis of the capture of the ability to speak in post‐Fordist capitalism by bringing his notion of virtuosity into dialogue with Blanchot's notion of messianism. As the author shows, Virno explores the way in which what he calls virtuosity draws upon what he calls the ""background"" of speech, which, the author argues, is linked to the idea of the impersonal form ""one speaks"" in Deleuze and Guattari. Blanchot gives an alternative account of this ""background"", focusing on its operation in the interpersonal relation he characterises as messianic. Since Blanchot's account of the interpersonal relation is developed in his theoretical work chiefly through a reading of Levinas, the author traces Blanchot's divergence from his friend on the key question of the significance of the Other, which Levinas places at the heart of his reflections on the ethical. The author then shows that this divergence also accounts for the way in which Blanchot reads Levinas's notions of Judaism, God and the Messiah. Finally, the author shows how a redeveloped notion of virtuosity might give rise to a practice in which the capture of our ability to speak is challenged at the level of our interpersonal relations. The author uses Blanchot's reflections on the events of May 1968 as an example of the way in which we might ""affirm the break"" such virtuosity or messianism constitutes.",Art | Computer science | Database | Divergence (linguistics) | Epistemology | Interpersonal communication | Judaism | Linguistics | Literature | Messiah | Messianism | Philosophy | Psychoanalysis | Psychology | Reading (process) | Relation (database) | Social science | Sociology | Theology,https://openalex.org/W2016143100,1.0,,OpenAlex,9
10.1081/ese-100103474,"Textual Communities: Nancy, Blanchot, Derrida",Kuisma Korhonen,,2008,2008-04-28,Culture machine,,article,en,False,"The influence of soil carbonate content on the fate of lead in soil was studied in a lab-scale column under different pH values of the contaminant solution. Results indicated that retention of this toxic heavy metal (up to 38% weight at pH = 5) occurred which was proportional to the total carbonate content. A decrease in the pH of the aqueous solution entering the column resulted in a decrease of the retention of lead in the soil. Furthermore, the concentration of lead in the effluent was increased dramatically. Concentrations of lead about 2.5 times higher than in the contaminant solution were measured at pH = 3. Knowledge of these phenomena is important for risk assessment and remediation feasibility studies.",Art | Philosophy | Sociology,https://openalex.org/W11413829,5.0,,OpenAlex,9
10.1086/739978,<i>The Writing of Innocence: Blanchot and the Deconstruction of Christianity</i>,Bevin Blaber,,2026,,The Journal of Religion,University of Chicago Press,journal-article,en,False,,,https://doi.org/10.1086/739978,0.0,,Crossref,9
,"Les limites du langage : l’au-dehors comme modèle processuel ? (Foucault, Blanchot, Bataille, Heidegger, Derrida)",Anne Gabrièle Wersinger Taylor,,2019,,,,COUV,,,,,,,,HAL,9
